date	open	high	low	close	volume
3/6/20	0.61	0.61	0.52	0.56	133900
3/9/20	0.54	0.54	0.5	0.53	168400
3/10/20	0.53	0.55	0.49	0.53	91700
3/11/20	0.53	0.56	0.53	0.55	74300
3/12/20	0.5	0.5	0.41	0.45	239700
3/13/20	0.41	0.44	0.35	0.43	434300
3/16/20	0.4	0.42	0.34	0.34	191500
3/17/20	0.42	0.42	0.33	0.38	94100
3/18/20	0.38	0.39	0.35	0.36	130000
3/19/20	0.37	0.41	0.34	0.39	99400
3/20/20	0.37	0.43	0.37	0.43	96400
3/23/20	0.43	0.43	0.38	0.42	201200
3/24/20	0.43	0.49	0.41	0.46	165000
3/25/20	0.48	0.6	0.46	0.6	61400
3/26/20	0.58	0.6	0.5	0.5	191900
3/27/20	0.56	0.56	0.51	0.54	112200
3/30/20	0.53	0.56	0.52	0.52	69800
3/31/20	0.54	0.58	0.5	0.55	84700
4/1/20	0.58	0.58	0.55	0.58	84000
4/2/20	0.6	0.6	0.53	0.59	101000
4/3/20	0.59	0.59	0.46	0.55	164800
4/6/20	0.59	0.59	0.48	0.53	81200
4/7/20	0.51	0.58	0.51	0.54	126500
4/8/20	0.53	0.54	0.51	0.52	86400
4/9/20	0.54	0.55	0.51	0.52	86300
4/13/20	0.49	0.52	0.49	0.51	78800
4/14/20	0.51	0.51	0.47	0.49	219400
4/15/20	0.49	0.5	0.45	0.49	215400
4/16/20	0.5	0.5	0.47	0.5	80100
4/17/20	0.5	0.51	0.47	0.48	107000
4/20/20	0.49	0.51	0.46	0.5	87400
4/21/20	0.47	0.5	0.47	0.48	83700
4/22/20	0.5	0.5	0.48	0.48	101100
4/23/20	0.47	0.5	0.47	0.49	125500
4/24/20	0.5	0.72	0.49	0.68	834900
4/27/20	0.7	0.84	0.7	0.79	530800
4/28/20	0.82	0.84	0.75	0.78	268600
4/29/20	0.78	0.8	0.7	0.74	313100
4/30/20	0.74	0.76	0.72	0.72	224300
5/1/20	0.72	0.77	0.72	0.75	151100
5/4/20	0.7	0.75	0.7	0.71	253100
5/5/20	0.69	0.76	0.69	0.73	96800
5/6/20	0.72	0.75	0.7	0.74	65600
5/7/20	0.73	0.75	0.7	0.72	111000
5/8/20	0.73	0.78	0.71	0.74	114100
5/11/20	0.74	0.79	0.73	0.78	143700
5/12/20	0.79	0.82	0.74	0.79	211700
5/13/20	0.79	0.81	0.74	0.77	165100
5/14/20	0.75	0.78	0.72	0.77	141100
5/15/20	0.73	0.8	0.73	0.79	101100
5/18/20	0.79	0.8	0.75	0.75	192600
5/19/20	0.75	0.78	0.75	0.78	119300
5/20/20	0.78	0.9	0.78	0.9	637900
5/21/20	0.88	0.93	0.85	0.9	426400
5/22/20	0.9	0.93	0.88	0.92	282300
5/26/20	0.95	0.96	0.91	0.94	513100
5/27/20	0.95	0.95	0.7	0.84	785800
5/28/20	0.85	0.91	0.85	0.87	372200
5/29/20	0.87	0.96	0.87	0.96	231400
6/1/20	0.95	1.2	0.93	1.19	605900
6/2/20	1.05	1.25	0.99	1.08	668600
6/3/20	1.08	1.15	1.02	1.15	388800
6/4/20	1.15	1.16	1.01	1.1	408400
6/5/20	1.1	1.1	0.9	0.96	410100
6/8/20	0.87	0.95	0.85	0.88	300700
6/9/20	0.85	0.91	0.85	0.9	158000
6/10/20	0.9	0.9	0.86	0.86	125300
6/11/20	0.86	0.89	0.76	0.79	406400
6/12/20	0.8	0.83	0.78	0.81	98100
6/15/20	0.83	0.83	0.79	0.83	177600
6/16/20	0.84	0.87	0.75	0.87	169400
6/17/20	0.84	0.89	0.84	0.85	72700
6/18/20	0.81	0.89	0.8	0.89	71700
6/19/20	0.87	0.92	0.85	0.89	86700
6/22/20	0.85	0.89	0.8	0.83	119900
6/23/20	0.83	0.88	0.8	0.82	58400
6/24/20	0.83	0.87	0.78	0.83	132300
6/25/20	0.84	0.9	0.84	0.9	100500
6/26/20	0.9	0.92	0.86	0.91	76400
6/29/20	0.92	0.95	0.9	0.91	74700
6/30/20	0.91	0.93	0.88	0.88	75600
7/1/20	0.87	0.91	0.87	0.88	104700
7/2/20	0.85	0.92	0.85	0.88	76100
7/6/20	0.85	0.92	0.85	0.89	84600
7/7/20	0.9	0.92	0.84	0.84	100400
7/8/20	0.88	0.88	0.81	0.87	108100
7/9/20	0.87	0.9	0.83	0.89	34100
7/10/20	0.84	0.89	0.84	0.85	70500
7/13/20	0.82	0.85	0.81	0.83	109200
7/14/20	0.83	0.85	0.81	0.81	65900
7/15/20	0.81	0.86	0.81	0.85	116500
7/16/20	0.87	0.87	0.83	0.83	83100
7/17/20	0.9	0.9	0.82	0.84	65400
7/20/20	0.84	0.84	0.8	0.81	142300
7/21/20	0.83	0.83	0.78	0.78	151800
7/22/20	0.78	0.94	0.78	0.92	348000
7/23/20	0.93	0.97	0.83	0.88	313200
7/24/20	0.93	0.95	0.88	0.93	152400
7/27/20	0.98	1	0.94	1	645700
7/28/20	1	1.04	0.97	1	448200
7/29/20	1.02	1.06	0.96	1.05	449400
7/30/20	1.02	1.08	0.95	0.98	163600
7/31/20	0.95	0.99	0.95	0.96	108400
8/3/20	0.98	0.98	0.8	0.92	254800
8/4/20	0.82	0.94	0.81	0.9	39600
8/5/20	0.9	0.97	0.9	0.96	127100
8/6/20	0.88	0.99	0.88	0.94	100600
8/7/20	0.97	0.97	0.91	0.93	58900
8/10/20	0.95	0.99	0.91	0.95	165400
8/11/20	0.99	0.99	0.83	0.9	126400
8/12/20	0.9	0.95	0.85	0.92	165200
8/13/20	0.87	0.95	0.87	0.92	91200
8/14/20	0.89	0.94	0.86	0.89	66100
8/17/20	0.9	0.9	0.83	0.85	150100
8/18/20	0.84	0.88	0.75	0.81	341600
8/19/20	0.77	0.81	0.75	0.76	373000
8/20/20	0.75	0.79	0.72	0.78	140800
8/21/20	0.81	0.81	0.74	0.75	142200
8/24/20	0.74	0.81	0.72	0.75	192800
8/25/20	0.75	0.77	0.72	0.76	97400
8/26/20	0.76	0.8	0.76	0.76	46900
8/27/20	0.76	0.8	0.72	0.73	177500
8/28/20	0.73	0.76	0.7	0.75	191400
8/31/20	0.75	0.8	0.67	0.7	331700
9/1/20	0.7	0.7	0.66	0.68	145000
9/2/20	0.7	0.77	0.67	0.75	160700
9/3/20	0.75	0.85	0.74	0.77	284900
9/4/20	0.73	0.84	0.71	0.76	188400
9/8/20	0.76	0.78	0.75	0.77	103500
9/9/20	0.79	0.79	0.73	0.74	87600
9/10/20	0.76	0.79	0.71	0.72	42600
9/11/20	0.71	0.76	0.7	0.76	120700
9/14/20	0.75	0.76	0.7	0.72	156300
9/15/20	0.69	0.77	0.69	0.73	115700
9/16/20	0.7	0.77	0.69	0.74	123400
9/17/20	0.7	0.77	0.7	0.76	93400
9/18/20	0.77	0.77	0.69	0.72	128100
9/21/20	0.67	0.76	0.67	0.7	82400
9/22/20	0.75	0.75	0.69	0.74	81700
9/23/20	0.76	0.76	0.7	0.72	68200
9/24/20	0.7	0.74	0.69	0.73	136300
9/25/20	0.73	0.75	0.69	0.73	63900
9/28/20	0.7	0.73	0.67	0.68	126000
9/29/20	0.68	0.75	0.68	0.74	141900
9/30/20	0.76	0.76	0.72	0.75	39700
10/1/20	0.78	0.82	0.76	0.81	233300
10/2/20	0.81	0.86	0.74	0.81	136100
10/5/20	0.83	0.85	0.81	0.82	168900
10/6/20	0.82	0.85	0.82	0.85	121600
10/7/20	0.81	0.86	0.81	0.86	131200
10/8/20	0.86	0.86	0.82	0.85	91200
10/9/20	0.85	0.85	0.76	0.81	141100
10/12/20	0.78	0.81	0.73	0.74	186500
10/13/20	0.78	0.78	0.74	0.76	78100
10/14/20	0.71	0.78	0.71	0.75	62000
10/15/20	0.75	0.75	0.68	0.74	259500
10/16/20	0.72	0.74	0.7	0.72	98000
10/19/20	0.7	0.74	0.69	0.69	128200
10/20/20	0.68	0.7	0.65	0.66	195600
10/21/20	0.66	0.66	0.57	0.57	611700
10/22/20	0.58	0.59	0.47	0.53	859300
10/23/20	0.51	0.61	0.51	0.61	133800
10/26/20	0.6	0.66	0.53	0.55	174300
10/27/20	0.58	0.62	0.58	0.62	169700
10/28/20	0.62	0.62	0.56	0.58	121300
10/29/20	0.59	0.6	0.56	0.6	69500
10/30/20	0.58	0.61	0.56	0.59	94600
11/2/20	0.61	0.61	0.56	0.58	75400
11/3/20	0.6	0.6	0.56	0.6	95800
11/4/20	0.6	0.61	0.55	0.6	73700
11/5/20	0.6	0.66	0.59	0.66	87000
11/6/20	0.65	0.65	0.63	0.65	68400
11/9/20	0.62	0.66	0.61	0.63	134900
11/10/20	0.65	0.65	0.6	0.63	74400
11/11/20	0.63	0.64	0.6	0.61	102300
11/12/20	0.6	0.61	0.55	0.56	130400
11/13/20	0.6	0.6	0.5	0.54	178200
11/16/20	0.54	0.59	0.54	0.59	162700
11/17/20	0.59	0.59	0.55	0.56	95000
11/18/20	0.55	0.59	0.55	0.56	86700
11/19/20	0.57	0.61	0.55	0.61	133100
11/20/20	0.61	0.61	0.56	0.6	113500
11/23/20	0.6	0.63	0.6	0.63	133800
11/24/20	0.58	0.66	0.58	0.65	231800
11/25/20	0.65	0.66	0.6	0.64	108100
11/27/20	0.64	0.66	0.61	0.64	56100
11/30/20	0.65	0.67	0.63	0.66	102100
12/1/20	0.64	0.68	0.64	0.68	109200
12/2/20	0.64	0.68	0.64	0.67	95700
12/3/20	0.65	0.68	0.65	0.65	108000
12/4/20	0.68	0.68	0.65	0.67	81600
12/7/20	0.68	0.68	0.59	0.59	390800
12/8/20	0.6	0.64	0.55	0.55	435400
12/9/20	0.55	0.6	0.51	0.55	214200
12/10/20	0.59	0.59	0.5	0.52	549200
12/11/20	0.52	0.57	0.51	0.54	185400
12/14/20	0.57	0.64	0.55	0.63	221300
12/15/20	0.63	0.68	0.63	0.67	206600
12/16/20	0.68	0.74	0.65	0.74	414600
12/17/20	0.79	0.89	0.75	0.89	806900
12/18/20	0.95	0.98	0.9	0.96	764500
12/21/20	1.02	1.15	1	1.13	971800
12/22/20	1.13	1.14	0.95	0.99	458900
12/23/20	0.98	1.08	0.95	1.02	244500
12/24/20	1.1	1.12	0.99	1.08	200100
12/28/20	1.14	1.15	1.08	1.13	520200
12/29/20	1.15	1.15	1.1	1.1	276700
12/30/20	1.09	1.11	1.05	1.09	125700
12/31/20	1.1	1.11	1.05	1.08	120500
1/4/21	1.08	1.14	1.04	1.12	257100
1/5/21	1.1	1.1	1.01	1.06	290200
1/6/21	1.09	1.1	1.03	1.03	172900
1/7/21	1.04	1.09	1.02	1.09	186700
1/8/21	1.11	1.11	1.01	1.04	223000
1/11/21	1.01	1.1	0.95	1	269800
1/12/21	1	1.06	0.95	0.96	252800
1/13/21	0.98	1.03	0.96	1.02	175300
1/14/21	1.04	1.06	0.96	1.04	187800
1/15/21	1.06	1.06	0.95	1.03	176400
1/19/21	1.05	1.15	1.03	1.15	745500
1/20/21	1.15	1.25	1.09	1.25	703900
1/21/21	1.26	2.12	1.26	2.05	3897200
1/22/21	2.12	2.25	1.75	2.07	1533800
1/25/21	2.05	2.5	2.05	2.36	1012500
1/26/21	2.49	2.5	2.35	2.4	409100
1/27/21	2.35	2.37	1.8	1.93	929200
1/28/21	2.04	2.04	1.7	1.7	444900
1/29/21	1.75	1.8	1.35	1.56	773000
2/1/21	1.5	1.96	1.5	1.95	486900
2/2/21	2.05	2.2	1.88	2.08	482400
2/3/21	2.25	2.35	2.1	2.16	385500
2/4/21	2.2	2.29	2.02	2.2	339200
2/5/21	2.25	2.33	2.15	2.2	241100
2/8/21	2.15	2.2	1.92	2.05	443700
2/9/21	1.95	2.09	1.84	2.08	365500
2/10/21	2.12	2.13	1.86	2.08	243000
2/11/21	2.08	2.44	1.92	2.39	737300
2/12/21	2.48	2.5	2.29	2.4	307900
2/16/21	2.47	2.67	2.43	2.53	686400
2/17/21	2.75	3.12	2.65	3.12	684600
2/18/21	3.15	3.9	3.12	3.5	1103500
2/19/21	3.6	4.1	3.45	4.09	996900
2/22/21	3.99	4	3	3.01	1071500
2/23/21	2.74	3.42	2.15	3.35	1277000
2/24/21	3.5	4.07	3.35	3.95	776200
2/25/21	4.03	4.13	3.5	3.77	617800
2/26/21	3.92	3.95	3.45	3.47	391300
3/1/21	3.55	3.92	3.48	3.68	305800
3/2/21	3.6	3.73	3.24	3.51	361300
3/3/21	3.77	3.77	3.2	3.36	207400
3/4/21	3.14	3.15	2.5	2.81	828000
3/5/21	2.72	2.94	1.8	2.7	1098903
1/3/11	23.78666481	23.89690689	23.67642443	23.727305	
1/4/11	23.69338543	23.88842676	23.61706373	23.820586	
1/5/11	23.65946405	23.75274509	23.54922282	23.744265	
1/6/11	23.77818646	24.46507328	23.62554475	24.439633	
1/7/11	24.28699053	24.37179233	23.95626768	24.253071	
1/10/11	23.96474823	24.08346956	23.77818699	23.930827	
1/11/11	23.91386785	23.95626748	23.78666474	23.837547	
1/12/11	23.84602762	24.24459123	23.80362629	24.21067	
1/13/11	24.02410747	24.07498719	23.75274445	23.905387	
1/14/11	23.81210577	24.06650776	23.66794416	23.998667	
1/18/11	23.87994627	24.37179176	23.86298524	24.303951	
1/19/11	24.13434891	24.32091184	23.97322795	24.142829	
1/20/11	24.16827042	24.21067005	23.85450606	24.041069	
1/21/11	24.08346961	24.10890989	23.761226	23.761226	
1/24/11	23.76122544	24.21914971	23.73578515	24.066508	
1/25/11	23.86298537	24.12587	23.84602688	24.12587	
1/26/11	24.1767496	24.58379414	24.1682695	24.405713	
1/27/11	24.38027202	24.98235789	24.15978956	24.482034	
1/28/11	24.5074739	24.53291418	23.277861	23.532263	
1/31/11	23.54922238	23.65946361	23.25241907	23.515302	
2/1/11	23.57466235	23.79514481	23.41354225	23.735785	
2/2/11	23.68490406	23.83754661	23.64250274	23.693385	
2/3/11	23.71882317	23.71882317	23.35418081	23.447461	
2/4/11	23.48986319	23.60858366	23.32874054	23.549223	
2/7/11	23.57466251	24.03258848	23.56618412	23.913868	
2/8/11	23.82906545	24.03258772	23.78666413	23.981708	
2/9/11	23.90538778	23.96474759	23.66794428	23.718824	
2/10/11	23.68490407	23.69338501	23.14217886	23.32026	
2/11/11	23.54074283	23.58314245	22.9556163	23.108258	
2/14/11	23.07433596	23.12521738	22.85385521	23.091297	
2/15/11	23.06570844	23.31308389	22.98893649	22.997465	
2/16/11	23.0742378	23.09129909	22.69037886	23.048648	
2/17/11	23.00599578	23.34720619	22.95481533	23.210721	
2/18/11	23.14247952	23.21072126	23.02305733	23.082768	
2/22/11	22.84392298	23.11688909	22.62213648	22.681848	
2/23/11	22.63066755	22.91216472	22.54536452	22.681848	
2/24/11	22.72449832	23.08276745	22.60507613	22.835392	
2/25/11	22.95481569	22.98893741	22.60507676	22.647727	
2/28/11	22.76715125	22.91216494	22.61360648	22.673318	
3/1/11	22.69037857	22.84392334	22.30651878	22.315049	
3/2/11	22.27239851	22.49418416	22.21268698	22.246807	
3/3/11	22.40035045	22.51977349	22.33210871	22.34917	
3/4/11	22.36622916	22.38329045	22.00796003	22.135915	
3/7/11	22.28945792	22.40888182	21.7947053	21.939719	
3/8/11	21.98236996	22.19562539	21.88000735	22.101793	
3/9/11	22.01649026	22.16150481	21.88853785	22.084732	
3/10/11	21.85441742	21.93118766	21.6241007	21.675282	
3/11/11	21.67528312	22.0506127	21.63263289	21.905599	
3/14/11	21.7435238	21.97383967	21.62410076	21.914129	
3/15/11	21.39378512	21.72646274	21.32554338	21.658221	
3/16/11	21.51320765	21.56439066	21.05257675	21.14641	
3/17/11	21.37672337	21.51320685	21.1122875	21.137879	
3/18/11	21.37672466	21.47908812	21.154939	21.154939	
3/21/11	21.47908774	21.82029644	21.45349708	21.607041	
3/22/11	21.581449	21.71793248	21.52173833	21.581449	
3/23/11	21.52173841	21.84588752	21.47908732	21.786176	
3/24/11	21.83735728	22.06767401	21.7520551	22.016491	
3/25/11	22.11885389	22.13591518	21.82882649	21.854418	
3/28/11	21.88853743	21.93971788	21.6496905	21.675282	
3/29/11	21.61557074	21.76911465	21.58144902	21.743524	
3/30/11	21.83735593	21.93971768	21.75205376	21.845887	
3/31/11	21.83735642	21.90559816	21.61557077	21.658221	
4/1/11	21.77764594	21.77764594	21.58997945	21.734994	
4/4/11	21.70940453	21.88853825	21.67528281	21.794705	
4/5/11	22.02502102	22.33210884	21.95677928	21.990901	
4/6/11	22.16150431	22.44300062	22.05914255	22.306518	
4/7/11	22.34063978	22.40035045	22.1529733	22.34917	
4/8/11	22.32357917	22.41741242	22.14444375	22.238277	
4/11/11	22.34063941	22.39181986	22.00795924	22.161504	
4/12/11	22.03355199	22.05061242	21.79470504	21.871477	
4/13/11	21.88000829	22.06767393	21.80323548	21.862947	
4/14/11	21.683813	21.70087429	21.40231582	21.683813	
4/15/11	21.71793225	21.80323442	21.47908702	21.641162	
4/18/11	21.41084543	21.5643902	21.08669632	21.393785	
4/19/11	21.32554274	21.47055643	21.21465077	21.453496	
4/20/11	21.78617607	22.17856522	21.76058457	21.97384	
4/21/11	21.99943172	22.08473219	21.63263237	21.769115	
4/25/11	21.80323421	21.85441722	21.61557028	21.845887	
4/26/11	21.95677937	22.55389543	21.89706785	22.34064	
4/27/11	22.43447126	22.51124322	22.28945756	22.502713	
4/28/11	22.57095456	22.92069519	22.51977411	22.78421	
4/29/11	22.64772686	22.72449881	21.63263267	22.110324	
5/2/11	22.12738494	22.17856539	21.73499409	21.888538	
5/3/11	21.83735728	22.05061272	21.74352489	22.016491	
5/4/11	22.05061229	22.39182099	21.99943183	22.229746	
5/5/11	22.22121494	22.24680645	21.90559776	21.999431	
5/6/11	22.23827649	22.3662289	21.96530954	22.067673	
5/9/11	22.00796049	22.14444398	21.89706852	22.033552	
5/10/11	21.64969084	22.05061191	21.53879887	21.897068	
5/11/11	21.88000745	21.88853767	21.50467703	21.632632	
5/12/11	21.62410065	21.65822067	21.41084522	21.59851	
5/13/11	21.56439043	21.59851045	21.28289326	21.351135	
5/16/11	21.29142162	21.38525487	20.89903248	20.958744	
5/17/11	20.95015843	21.20774321	20.83853874	21.053192	
5/18/11	21.06177792	21.24208579	20.82136542	21.199156	
5/19/11	21.33653355	21.36229108	21.03601899	21.224913	
5/20/11	21.22491314	21.35370681	20.98450321	21.027433	
5/23/11	20.78702066	20.82136604	20.63247203	20.752677	
5/24/11	20.77843551	20.85571068	20.64105743	20.735504	
5/25/11	20.75267588	20.87288084	20.74408975	20.769849	
5/26/11	20.90722684	21.49108454	20.88146845	21.181983	
5/27/11	21.19056896	21.37946382	21.16481057	21.259258	
5/31/11	21.43098049	21.51684179	21.20774282	21.473912	
6/1/11	21.45673929	21.55118672	20.92440008	20.975916	
6/2/11	21.02743338	21.16481147	20.76126334	20.795607	
6/3/11	20.64964196	20.72691713	20.46933409	20.529437	
6/6/11	20.51226458	20.82136613	20.40923187	20.615299	
6/7/11	20.68398825	20.75267729	20.52085177	20.658229	
6/8/11	20.52085062	20.62388418	20.48650696	20.555196	
6/9/11	20.61529851	20.64105776	20.45216204	20.572367	
6/10/11	20.6238849	20.6238849	20.34054346	20.357714	
6/13/11	20.42640474	20.76984995	20.34912957	20.641058	
6/14/11	20.86429604	20.99308972	20.76985033	20.795607	
6/15/11	20.60671238	20.61529851	20.32337009	20.383473	
6/16/11	20.39205875	20.6925733	20.30619745	20.606712	
6/17/11	20.79560662	20.86429566	20.58954035	20.829952	
6/20/11	20.75267695	21.17339733	20.74409082	21.01026	
6/21/11	21.05319088	21.34512016	20.95015732	21.259258	
6/22/11	21.12187935	21.30218722	21.11329322	21.16481	
6/23/11	20.98450324	21.16481112	20.77843612	21.147638	
6/24/11	21.0446056	21.07036485	20.76985028	20.864296	
6/27/11	20.80419351	21.86028667	20.80419351	21.637049	
6/28/11	21.72290849	22.25524942	21.60270353	22.152215	
6/29/11	22.07493945	22.07493945	21.77442662	21.997666	
6/30/11	22.10069862	22.323938	22.03200958	22.323938	
7/1/11	22.26383583	22.46990295	22.18656065	22.341111	
7/5/11	22.40979905	22.4527297	22.23807645	22.349697	
7/6/11	22.29817945	22.64162638	22.28959332	22.607281	
7/7/11	22.74465935	23.07951758	22.63304051	22.985071	
7/8/11	22.78758992	23.16537878	22.76183067	23.113862	
7/11/11	22.85627959	23.01082821	22.74465904	22.864864	
7/12/11	22.79617441	23.00224325	22.61586654	22.78759	
7/13/11	22.83910647	23.1482063	22.7618313	22.864864	
7/14/11	22.85627967	23.19113789	22.63304028	22.727486	
7/15/11	22.72748525	23.12244809	22.72748525	22.993657	
7/18/11	22.86486366	23.09669003	22.54717771	22.83052	
7/19/11	23.01941379	23.73206258	22.99365712	23.646203	
7/20/11	23.42296459	23.48306664	23.16537982	23.234068	
7/21/11	23.21689708	23.44872088	22.88203714	23.268413	
7/22/11	23.06234628	23.65478754	22.90779508	23.637617	
7/25/11	23.40579055	24.11843934	23.34568849	23.963889	
7/26/11	23.88661362	24.16995591	23.85226996	24.109853	
7/27/11	23.93813031	24.0325786	23.35427517	23.465894	
7/28/11	23.43155012	24.10126741	23.36285936	23.800752	
7/29/11	23.62902956	23.79216517	23.40579018	23.525996	
8/1/11	23.62044412	23.77499533	22.96789823	23.414377	
8/2/11	23.1653792	23.56892818	22.97648434	23.010828	
8/3/11	23.03658683	23.18255104	22.73607228	23.113862	
8/4/11	22.77900367	23.07093209	22.26383501	22.272422	
8/5/11	22.29817891	22.40979946	21.66280615	22.049182	
8/8/11	21.48249701	21.98049255	20.94156997	21.018846	
8/9/11	21.21632682	21.99766638	20.63247168	21.963321	
8/10/11	21.42239577	21.54260073	20.69257384	20.778436	
8/11/11	21.03601818	21.79159675	20.95015688	21.628462	
8/12/11	21.57694453	21.75725413	21.16481114	21.551187	
8/15/11	21.67139249	21.96332091	21.59411731	21.903218	
8/16/11	21.79089294	22.11058574	21.64400746	21.903218	
8/17/11	21.816815	22.20563039	21.54032467	21.816815	
8/18/11	21.22927277	21.67856955	20.76269621	21.315676	
8/19/11	21.09102748	21.27247512	20.65901135	20.779975	
8/22/11	21.09966718	21.16014944	20.55532774	20.719493	
8/23/11	20.76269646	21.38479883	20.76269646	21.358877	
8/24/11	21.29839494	21.54032397	21.09966752	21.514403	
8/25/11	21.66992946	21.73905204	21.16879074	21.229273	
8/26/11	21.17743111	21.8945779	21.09966821	21.816815	
8/29/11	22.05874486	22.34387551	21.92049969	22.326594	
8/30/11	22.23154987	22.83637245	22.20562977	22.663566	
8/31/11	22.71540985	23.07830169	22.68948802	22.983259	
9/1/11	22.86229307	23.20790771	22.646285	22.646285	
9/2/11	22.27475308	22.46483932	22.17106834	22.292032	
9/6/11	21.77361386	22.11058558	21.69585096	22.041463	
9/7/11	22.19698986	22.464839	22.09330512	22.464839	
9/8/11	22.46483877	23.03510006	22.42163802	22.654925	
9/9/11	22.46483838	22.62036419	22.03282226	22.24019	
9/12/11	21.9809822	22.40435716	21.83409585	22.369795	
9/13/11	22.39571626	22.62900584	22.30067185	22.499401	
9/14/11	22.61172435	23.15606382	22.36979445	22.896855	
9/15/11	23.09558261	23.35479315	22.73268819	23.320231	
9/16/11	23.37207201	23.56215998	23.18198578	23.432556	
9/19/11	23.15606377	23.59672023	22.98325818	23.510317	
9/20/11	23.59671978	23.76088677	23.26838839	23.31159	
9/21/11	23.37207131	23.38071164	22.43891649	22.456198	
9/22/11	21.86001575	22.16242791	21.25519402	21.652648	
9/23/11	21.5144037	21.73041177	21.33295779	21.652648	
9/26/11	21.76497294	22.05010272	21.36751725	21.980981	
9/27/11	22.17106768	22.39571606	21.98962177	22.179708	
9/28/11	22.40435629	22.78453134	22.04146274	22.101945	
9/29/11	22.44755824	22.61172437	21.67856952	21.989622	
9/30/11	21.77361474	22.03282356	21.49712268	21.505763	
10/3/11	21.3588764	21.89457726	21.18607081	21.194712	
10/4/11	20.99598356	21.93777875	20.96142314	21.894578	
10/5/11	21.96370069	22.60308458	21.7390523	22.369795	
10/6/11	22.3784358	22.81045194	22.20563021	22.75861	
10/7/11	22.7586099	22.90549539	22.63764625	22.680847	
10/10/11	22.96597752	23.30294924	22.87093311	23.27703	
10/11/11	23.20790735	23.38935326	23.0869411	23.328871	
10/12/11	23.48439696	23.59672029	23.24246793	23.294309	
10/13/11	23.12150345	23.50167851	23.00053979	23.484397	
10/14/11	23.59672043	23.76088742	23.34615193	23.56216	
10/17/11	23.42391506	23.69176419	23.19926581	23.31159	
10/18/11	23.27703078	23.67448477	23.15606453	23.596721	
10/19/11	23.64856448	23.73496598	23.33751199	23.441195	
10/20/11	23.55351923	23.62264181	22.81045149	23.363433	
10/21/11	23.45847568	23.49303783	23.15606352	23.467116	
10/24/11	23.38071208	23.67448391	23.36343316	23.493038	
10/25/11	23.39799458	23.52759943	23.08694209	23.164705	
10/26/11	23.35479306	23.3807123	22.55124219	22.974618	
10/27/11	23.44119427	23.67448384	23.02645965	23.544879	
10/28/11	23.4498343	23.49303764	23.14742474	23.31159	
10/31/11	23.12150406	23.32887181	23.00054041	23.009179	
11/1/11	22.62900531	22.74132864	22.34387467	22.456198	
11/2/11	22.55124291	22.637647	22.20563085	22.47348	
11/3/11	22.67220678	22.97461807	22.44755839	22.922777	
11/4/11	22.79317033	22.81045184	22.46483893	22.680847	
11/7/11	22.64628496	23.17334551	22.57716238	23.156064	
11/8/11	23.33751116	23.50167815	23.0610217	23.467116	
11/9/11	22.97461772	23.11286288	22.51667976	22.637646	
11/10/11	22.8709334	22.89685524	22.56852384	22.706769	
11/11/11	22.96597736	23.39799348	22.95733703	23.251108	
11/14/11	23.22518701	23.32887175	23.02646045	23.121504	
11/15/11	23.1215022	23.45230857	22.9822169	23.2782	
11/16/11	23.04315353	23.07797595	22.66882372	22.694939	
11/17/11	22.64270724	22.66882427	22.14650115	22.233555	
11/18/11	22.18132181	22.19873258	21.89404409	22.024624	
11/21/11	21.97239224	21.98109763	21.67640915	21.763463	
11/22/11	21.66770311	21.72864081	21.45877474	21.580651	
11/23/11	21.42395414	21.58065107	21.302077	21.302077	
11/25/11	21.22372908	21.47618614	21.154086	21.154086	
11/28/11	21.7112317	21.73734611	21.49359707	21.650294	
11/29/11	21.60676623	21.79828558	21.54582853	21.624177	
11/30/11	22.08556378	22.27708139	21.88533817	22.268376	
12/1/11	22.25096405	22.31190175	21.93757192	22.007215	
12/2/11	22.27708113	22.30319816	21.90274956	21.954981	
12/5/11	22.44248408	22.45989311	22.19873242	22.372841	
12/6/11	22.46859891	22.52083296	22.29449294	22.338019	
12/7/11	22.3467247	22.42507317	22.05944698	22.285787	
12/8/11	22.18132108	22.39024945	22.08556272	22.111678	
12/9/11	22.21614319	22.52083255	22.19873242	22.372841	
12/12/11	22.12038415	22.25967031	22.01592039	22.207438	
12/13/11	22.41636761	22.72105611	22.32931376	22.425073	
12/14/11	22.39025014	22.51212727	22.25967023	22.277081	
12/15/11	22.39025017	22.52953633	22.23355497	22.250964	
12/16/11	22.34672428	22.78199355	22.31190187	22.634002	
12/19/11	22.651412	22.73846672	22.16390956	22.224849	
12/20/11	22.51212745	22.72105583	22.46859878	22.660119	
12/21/11	22.64270764	22.79940545	22.14650154	22.425073	
12/22/11	22.47730526	22.51212767	22.18132215	22.468599	
12/23/11	22.5556535	22.66882439	22.39895657	22.660119	
12/27/11	22.59917918	22.75587611	22.57306389	22.668824	
12/28/11	22.72976205	22.76458272	22.42507269	22.477305	
12/29/11	22.59047617	22.67752829	22.5121277	22.651413	
12/30/11	22.63400241	22.73846791	22.55565394	22.59918	
1/3/12	23.11279765	23.46971845	22.97351148	23.304317	
1/4/12	23.34784267	23.91369182	23.313022	23.852755	
1/5/12	23.83534457	24.14003393	23.75699784	24.096507	
1/6/12	23.96592665	24.54048208	23.96592665	24.470839	
1/9/12	24.41860508	24.46213287	24.13132736	24.148739	
1/10/12	24.31414147	24.50565995	24.15744453	24.235793	
1/11/12	23.87887269	24.3576689	23.82664125	24.131328	
1/12/12	24.26190986	24.39248977	24.07039051	24.375079	
1/13/12	24.31414166	24.592714	24.19226714	24.592714	
1/17/12	24.72329439	24.94092903	24.52307053	24.601419	
1/18/12	24.64494421	24.72329355	24.34896112	24.575302	
1/19/12	24.51436467	24.75811633	24.40119553	24.479544	
1/20/12	25.08892057	25.88981603	25.02798288	25.863699	
1/23/12	25.7244122	26.07262934	25.55030536	25.88111	
1/24/12	25.65477014	25.74182487	25.40231483	25.541601	
1/25/12	25.30655598	25.81146834	25.30655598	25.733119	
1/26/12	25.77664711	25.85499558	25.59383315	25.680887	
1/27/12	25.63736035	25.70700343	25.39360869	25.445841	
1/30/12	25.21949962	25.78535139	25.0976251	25.776646	
1/31/12	25.82017214	25.85499455	25.44584058	25.707003	
2/1/12	25.93334389	26.15968217	25.90722686	26.020396	
2/2/12	26.0291022	26.26414761	25.86369901	26.07263	
2/3/12	26.23803028	26.46437116	26.19450422	26.325085	
2/6/12	26.15097784	26.30767303	26.0900384	26.290264	
2/7/12	26.24673729	26.5427204	26.15968256	26.420845	
2/8/12	26.34249559	26.69941639	26.30767318	26.690711	
2/9/12	26.70812253	26.81258629	26.53401482	26.786471	
2/10/12	26.67329952	26.81258569	26.42955048	26.551425	
2/13/12	26.66459406	26.78647032	26.49048722	26.621068	
2/14/12	26.57725456	26.69116872	26.15664519	26.507153	
2/15/12	26.57725434	26.62982963	26.31437436	26.331898	
2/16/12	26.55972812	27.64630232	26.55096543	27.418474	
2/17/12	27.3396094	27.44476087	27.12054203	27.383422	
2/21/12	27.32208305	27.69887982	27.29579497	27.549914	
2/22/12	27.55867739	27.7602185	27.32208374	27.400948	
2/23/12	27.33961018	27.68135442	27.1643554	27.488576	
2/24/12	27.584964	27.60248939	27.37465932	27.584964	
2/27/12	27.37466035	27.60249043	27.25198262	27.47105	
2/28/12	27.52362515	27.97928529	27.49733619	27.92671	
2/29/12	27.94423355	28.04062407	27.69887984	27.812794	
3/1/12	27.97928609	28.3823692	27.90918453	28.294744	
3/2/12	28.31226911	28.4261824	28.04062469	28.110728	
3/5/12	28.04938572	28.08443738	27.70764324	27.86537	
3/6/12	27.63754236	28.02310009	27.59372801	27.655066	
3/7/12	27.75145618	27.97052356	27.62877932	27.900422	
3/8/12	28.07567671	28.22464078	27.9529981	28.049386	
3/9/12	28.12824989	28.18082782	27.97052313	28.031862	
3/12/12	28.01433538	28.21587912	27.88289583	28.075676	
3/13/12	28.2509316	28.64525027	28.17206735	28.627724	
3/14/12	28.50504743	28.81174353	28.46999928	28.715353	
3/15/12	28.73287846	28.86431713	28.54886273	28.785452	
3/16/12	28.83803031	28.87308197	28.4787598	28.566385	
3/19/12	28.51381063	28.5751495	28.1720664	28.215879	
3/20/12	28.12824989	28.17206688	27.81279462	28.031862	
3/21/12	28.0055726	28.17206643	27.88289574	27.96176	
3/22/12	27.87413291	28.11948926	27.85660927	28.040625	
3/23/12	28.12825026	28.13701558	27.79526871	28.049386	
3/26/12	28.20711531	28.57515027	28.17206716	28.557624	
3/27/12	28.61020179	28.65401439	28.39113441	28.496285	
3/28/12	28.49628482	28.65401421	28.07567632	28.207115	
3/29/12	28.09320158	28.20711487	27.87413245	28.145776	
3/30/12	28.39113424	28.39989518	28.07567633	28.268453	
4/2/12	28.23340513	28.44370807	27.99681236	28.294744	
4/3/12	28.18082742	28.20711462	27.74269266	27.988049	
4/4/12	27.74269316	27.76898212	27.20816788	27.348371	
4/5/12	27.29579627	27.71640477	27.20816844	27.620016	
4/9/12	27.35713347	27.51486286	27.13806609	27.251982	
4/10/12	27.21693103	27.33084782	26.55096618	26.699932	
4/11/12	26.66488156	26.75250939	26.48962766	26.59478	
4/12/12	26.70869425	27.19940605	26.65611808	27.146829	
4/13/12	27.06796456	27.30455821	26.91899874	26.997863	
4/16/12	27.15559274	27.33084752	26.96281345	27.234457	
4/17/12	27.40094731	27.69887982	27.33960932	27.549914	
4/18/12	27.40971149	27.43599782	27.1994068	27.287032	
4/19/12	27.27826947	27.76021858	27.11178001	27.173118	
4/20/12	28.17206674	28.82050355	28.08443715	28.408656	
4/23/12	28.31226896	28.47875929	28.06691174	28.145776	
4/24/12	28.22464028	28.49628471	27.89165874	27.970523	
4/25/12	27.97052266	28.32103046	27.92671006	28.215879	
4/26/12	28.14577594	28.24216647	27.97052292	28.137015	
4/27/12	28.14577586	28.23340456	27.93547117	28.023099	
4/30/12	28.02309922	28.13701513	27.97052305	28.05815	
5/1/12	28.08443766	28.3385567	27.99681246	28.049386	
5/2/12	27.90918435	27.97928591	27.72516688	27.86537	
5/3/12	27.93547147	27.95299773	27.69888045	27.83032	
5/4/12	27.55867654	27.663828	27.09425283	27.146829	
5/7/12	26.90147435	27.04167747	26.78755844	26.85766	
5/8/12	26.70869461	26.97157634	26.43705106	26.72622	
5/9/12	26.45457824	27.01538987	26.3757131	26.954051	
5/10/12	27.04167822	27.18188047	26.68240772	26.936525	
5/11/12	26.89271221	27.63754129	26.89271221	27.304558	
5/14/12	27.00662673	27.1994069	26.84889734	26.883949	
5/15/12	27.02507131	27.1661944	26.59288272	26.645803	
5/16/12	26.73400504	26.74282612	26.23125491	26.372378	
5/17/12	26.4517601	26.64580348	26.20479381	26.213614	
5/18/12	26.27535796	26.29299658	25.72850506	25.816707	
5/21/12	25.66676244	26.27535666	25.63148078	26.240075	
5/22/12	26.18715553	26.35473744	26.01957097	26.248896	
5/23/12	25.88726776	25.93136873	25.26103314	25.675584	
5/24/12	25.71968374	25.84316556	25.36687601	25.640302	
5/25/12	25.75496648	25.89608957	25.58738191	25.631482	
5/29/12	25.91372752	26.2136141	25.77260442	26.072491	
5/30/12	25.88726819	26.00193071	25.68440462	25.878448	
5/31/12	25.84316536	25.94900856	25.52564017	25.746145	
6/1/12	25.36687611	25.5432791	25.08463081	25.093451	
6/4/12	25.24339512	25.38451822	24.97878843	25.181652	
6/5/12	25.146372	25.35805665	25.04052879	25.146372	
6/6/12	25.47271802	25.90490927	25.41097667	25.887268	
6/7/12	26.14305204	26.19597497	25.72850384	25.781425	
6/8/12	25.76378361	26.17833358	25.62266052	26.151873	
6/11/12	26.22243505	26.29299572	25.41979745	25.490359	
6/12/12	25.66676245	25.84316543	25.43743742	25.834347	
6/13/12	25.77260474	25.96665076	25.62266145	25.693223	
6/14/12	25.86962781	25.98428944	25.47271821	25.878448	
6/15/12	26.09895268	26.53114216	26.01075074	26.478221	
6/18/12	26.4517599	26.48704156	26.2047936	26.319457	
6/19/12	26.62816415	27.43962192	26.50467968	27.077994	
6/20/12	27.280858	27.38669944	27.02507151	27.280858	
6/21/12	27.30731786	27.46608134	26.51350045	26.584062	
6/22/12	26.72518451	27.1044537	26.48704106	27.077994	
6/25/12	26.72518454	26.74282581	26.12541317	26.345918	
6/26/12	26.46058061	26.69872584	26.40766033	26.478221	
6/27/12	26.62816527	26.90159039	26.48704217	26.610524	
6/28/12	26.44293935	26.50467982	25.94900853	26.381198	
6/29/12	26.85749017	27.06917482	26.58406241	26.980972	
7/2/12	27.00743393	27.00743393	26.64580422	26.954511	
7/3/12	26.66344475	27.130915	26.61052359	27.130915	
7/5/12	26.98097099	27.14855555	26.79574605	27.077994	
7/6/12	26.99861211	27.07799385	26.41647936	26.628164	
7/9/12	26.5664232	26.66344445	26.26653663	26.46058	
7/10/12	26.53114157	26.6546234	26.02839055	26.231255	
7/11/12	26.20479393	26.23125539	25.67558409	25.843166	
7/12/12	25.71086394	25.73732452	25.17283302	25.252213	
7/13/12	25.36687669	26.00193062	25.33159503	25.922548	
7/16/12	26.00192989	26.04603174	25.61384227	25.96665	
7/17/12	26.14305273	26.33709875	25.75496598	26.160694	
7/18/12	26.10777267	26.85749	25.98428908	26.85749	
7/19/12	26.91040991	27.16619463	26.79574651	27.051533	
7/20/12	27.34259913	27.38669921	26.50467988	26.566423	
7/23/12	26.08131173	26.09013192	25.5873809	25.825527	
7/24/12	25.79024474	25.89608794	25.49035817	25.710863	
7/25/12	25.79024594	25.86962768	25.38451791	25.428618	
7/26/12	25.78142535	26.01957058	25.65794265	25.719684	
7/27/12	26.00193058	26.32827774	25.73732477	26.248896	
7/30/12	26.24007601	26.30181737	25.98428951	26.143053	
7/31/12	26.00193008	26.20479364	25.86962717	25.993109	
8/1/12	26.09895248	26.15187364	25.76378425	25.940189	
8/2/12	25.76378362	26.04603157	25.55209898	25.746145	
8/3/12	26.04603163	26.40765955	26.00192978	26.240075	
8/6/12	26.46058008	26.55760309	26.29299553	26.41648	
8/7/12	26.52232133	26.76928674	26.34591834	26.689905	
8/8/12	26.6458038	26.87512883	26.55760362	26.751647	
8/9/12	26.80456699	27.0338929	26.72518525	26.90159	
8/10/12	26.90158955	27.00743275	26.68108471	26.831028	
8/13/12	26.76928711	26.86630835	26.60170343	26.804567	
8/14/12	26.90223162	26.98213924	26.64475239	26.751295	
8/15/12	26.73353838	26.88447499	26.65362988	26.813446	
8/16/12	26.95550477	27.47046499	26.86671764	27.328407	
8/17/12	27.45270625	27.45270625	27.15971165	27.434949	
8/20/12	27.36391999	27.39055587	27.15083301	27.292891	
8/21/12	27.31064939	27.48822099	27.17747091	27.346163	
8/22/12	27.15971223	27.31064885	27.05316785	27.11532	
8/23/12	26.98213923	26.99101874	26.70690276	26.866718	
8/24/12	26.85783952	27.19522637	26.79568915	27.133076	
8/27/12	27.4615851	27.48822008	27.15971187	27.248499	
8/28/12	27.25737815	27.34616262	27.09756202	27.195226	
8/29/12	27.212984	27.30177024	27.02653377	27.212984	
8/30/12	27.106441	27.17746999	26.83120187	26.919989	
8/31/12	27.16859027	27.48821985	26.97325964	27.36392	
9/4/12	27.03541252	27.22186275	26.7690529	26.982139	
9/5/12	26.83120238	27.10644152	26.82232376	26.982139	
9/6/12	27.07980491	27.84336751	27.04428953	27.834488	
9/7/12	27.55925062	27.5858856	27.28401238	27.479343	
9/10/12	27.37279976	27.43495013	27.08868377	27.275134	
9/11/12	27.24849876	27.4438276	27.17746976	27.337285	
9/12/12	27.47046499	27.68355109	27.28401299	27.328407	
9/13/12	27.4260691	27.68355009	26.99101741	27.470464	
9/14/12	27.5326144	27.74570139	27.35504102	27.710186	
9/17/12	27.69243053	27.75458001	27.55925116	27.710186	
9/18/12	27.612522	27.71018599	27.55037252	27.683551	
9/19/12	27.60364339	27.69243052	27.55925115	27.568128	
9/20/12	27.47934377	27.94990999	27.44382839	27.923275	
9/21/12	27.90551609	28.06533222	27.60364287	27.69243	
9/24/12	27.52373585	27.58588622	27.20410448	27.328407	
9/25/12	27.47934375	27.52373598	26.9555049	26.982139	
9/26/12	26.88447576	27.16859085	26.67138877	26.78681	
9/27/12	26.78680962	26.99101798	26.53820726	26.777931	
9/28/12	26.79568924	26.86671823	26.40502975	26.422787	
10/1/12	26.46717809	26.61811559	26.12091263	26.183063	
10/2/12	26.35175725	26.53820747	26.19194201	26.334	
10/3/12	26.41390725	26.62699423	26.34287825	26.511573	
10/4/12	26.60923648	26.66251	26.25409239	26.66251	
10/5/12	26.84008173	26.85783898	26.40502913	26.502694	
10/8/12	26.31624148	26.56484385	26.23633387	26.440544	
10/9/12	26.35175709	26.40502883	25.90782587	25.996613	
10/10/12	25.88118961	26.02324671	25.70361802	25.730253	
10/11/12	25.94333908	25.96997584	25.63258901	25.703618	
10/12/12	25.72137386	26.0321266	25.57043725	25.925584	
10/15/12	26.07652114	26.38727123	25.96997676	26.200821	
10/16/12	26.14754939	26.40502861	26.03212639	26.183063	
10/17/12	26.014369	26.31624223	25.82791877	26.27185	
10/18/12	26.32512137	26.39615036	25.97885501	26.191942	
10/19/12	25.79240361	25.81904037	25.30408014	25.42838	
10/22/12	25.50828757	25.59707382	24.70921139	24.860148	
10/23/12	24.6559404	25.03772214	24.64706178	24.904541	
10/24/12	25.00220623	25.03772162	24.74472701	24.771362	
10/25/12	25.02884313	25.03772176	24.73584853	24.753604	
10/26/12	24.73584892	25.16202201	24.71809078	25.046599	
10/31/12	25.34847185	25.64146645	25.30407961	25.339595	
11/1/12	25.60595352	26.24521361	25.58819627	26.2097	
11/2/12	26.27184962	26.43166486	26.04100539	26.191942	
11/5/12	26.29848615	26.40502876	26.04100516	26.307363	
11/6/12	26.47605762	26.81344623	26.28960739	26.511573	
11/7/12	26.21857899	26.48493684	25.79240324	25.81904	
11/8/12	25.85455614	26.07652176	25.57043838	25.579317	
11/9/12	25.64146623	25.91670536	25.57931586	25.597074	
11/12/12	25.69474075	25.75689024	25.04659938	25.055478	
11/13/12	24.18717592	24.43781934	23.94548319	24.249837	
11/14/12	24.38411029	24.4288691	23.99023978	24.026047	
11/15/12	24.06185191	24.14241615	23.83806236	23.864918	
11/16/12	23.87387074	23.90072638	23.57846851	23.739597	
11/19/12	23.99023918	23.99023918	23.69483697	23.927579	
11/20/12	23.95443481	23.99024024	23.68588644	23.909676	
11/21/12	23.90967524	24.32144891	23.8738698	24.124515	
11/23/12	24.37515873	24.85854418	24.34830488	24.795884	
11/26/12	24.65265852	24.68846396	24.32144908	24.518383	
11/27/12	24.4915302	24.50943158	24.20507957	24.240885	
11/28/12	24.17822373	24.51838296	23.96338575	24.49153	
11/29/12	24.26774032	24.49152987	24.04395076	24.124515	
11/30/12	24.21402925	24.28564191	23.71274153	23.829113	
12/3/12	23.97233828	24.00814371	23.63217725	23.659032	
12/4/12	23.72169267	23.83806235	23.57846736	23.605323	
12/5/12	23.61427322	24.10661114	23.50685513	23.87387	
12/6/12	23.99919076	24.15136855	23.82016091	23.927579	
12/7/12	24.00814386	24.00814386	23.60532355	23.685886	
12/10/12	23.77540109	24.14241596	23.73959566	24.115563	
12/11/12	24.21402938	24.6078999	24.21402938	24.455723	
12/12/12	24.64370678	24.72427102	24.24088468	24.38411	
12/13/12	24.45572233	24.63475397	24.12451469	24.26774	
12/14/12	24.26774127	24.28564264	23.90072638	23.999192	
12/17/12	23.98128984	24.36620609	23.88282154	24.258788	
12/18/12	24.39306184	24.73322108	24.29459354	24.67056	
12/19/12	24.78693293	24.82273836	24.3930624	24.446771	
12/20/12	24.49153026	24.77798	24.30354613	24.77798	
12/21/12	24.572094	24.60789943	24.16927191	24.572094	
12/24/12	24.34830494	24.39306196	24.1692724	24.222981	
12/26/12	24.1961279	24.3483048	23.90072568	24.043951	
12/27/12	24.07080392	24.24983647	23.78435419	24.133465	
12/28/12	23.90967532	24.07975627	23.76645	23.76645	
12/31/12	23.8022579	23.96338639	23.60532398	23.909676	
1/2/13	24.39306156	24.82273751	24.30354574	24.724271	
1/3/13	24.73322124	24.7511253	24.31249776	24.393062	
1/4/13	24.41096486	24.47362594	23.92757942	23.936531	
1/7/13	23.96338576	24.06185227	23.8470143	23.891774	
1/8/13	23.94548254	23.98128976	23.68588576	23.76645	
1/9/13	23.91862637	23.94548202	23.77540106	23.900725	
1/10/13	23.85596696	24.15136918	23.53371089	23.685886	
1/11/13	23.71274121	24.10661082	23.52475888	24.017095	
1/14/13	24.07975648	24.24088496	23.95443432	24.070804	
1/15/13	24.01709576	24.42886945	24.01709576	24.357255	
1/16/13	24.30354551	24.37515817	24.17822336	24.205079	
1/17/13	24.3393534	24.58999592	24.22298104	24.393062	
1/18/13	24.25878826	24.42886922	24.20507967	24.393062	
1/22/13	24.43781884	24.57209436	24.16927227	24.303546	
1/23/13	24.34830413	24.74217196	24.34830413	24.715319	
1/24/13	24.79588387	25.12709152	24.58999568	24.733221	
1/25/13	24.68846442	25.27031728	24.51838346	24.957011	
1/28/13	25.07338182	25.27031663	24.84959227	24.983866	
1/29/13	24.90330194	25.18080009	24.70636713	25.073382	
1/30/13	25.07338232	25.2345117	24.84959276	24.930157	
1/31/13	24.87644779	25.03757448	24.52733519	24.572094	
2/1/13	24.76902885	25.1091881	24.66160897	25.00177	
2/4/13	24.94806003	25.08233286	24.54523794	24.563142	
2/5/13	24.72427088	24.76007631	24.49152974	24.616851	
2/6/13	24.50943143	24.65265854	24.39306176	24.473626	
2/7/13	24.48257718	24.51838261	24.25878763	24.419917	
2/8/13	24.48257824	24.80483432	24.44677102	24.661609	
2/11/13	24.75112488	24.9928176	24.61685114	24.939109	
2/12/13	24.957011	25.06443088	24.84064132	24.957011	
2/13/13	25.00176928	25.16289866	24.95701048	25.091286	
2/14/13	24.99281812	25.11813937	24.9480611	25.100238	
2/15/13	25.10023764	25.20765573	24.95701054	25.073382	
2/19/13	25.16363818	25.35317868	25.09143261	25.317075	
2/20/13	25.38928028	25.45246195	25.11851032	25.154614	
2/21/13	25.03727838	25.03727838	24.57696793	24.811636	
2/22/13	24.98312444	25.05533	24.80261053	25.05533	
2/25/13	25.24486891	25.31707448	24.703329	24.703329	
2/26/13	24.71235289	24.91091909	24.67625101	24.703329	
2/27/13	24.74845678	25.27194712	24.66722552	25.100458	
2/28/13	25.16363756	25.24486882	25.03727873	25.091432	
3/1/13	25.01922621	25.25389518	24.8387132	25.226819	
3/4/13	25.13656114	25.407332	25.00117662	25.407332	
3/5/13	25.53369373	25.75933612	25.41635878	25.587847	
3/6/13	25.46148544	25.47953773	25.07338235	25.353178	
3/7/13	25.37123072	25.52466754	25.28097286	25.398306	
3/8/13	25.49758938	25.56979495	25.23584332	25.271947	
3/11/13	25.21779387	25.24486915	24.97409919	25.154614	
3/12/13	25.12753613	25.22681968	24.94702132	25.190716	
3/13/13	25.15461343	25.28999795	25.04630418	25.199741	
3/14/13	25.27194717	25.41635829	25.2087673	25.398306	
3/15/13	25.2990253	25.41635844	25.25389592	25.308051	
3/18/13	25.1636378	25.52466742	25.10045793	25.362204	
3/19/13	25.38025673	25.47051188	25.29902547	25.43441	
3/20/13	25.57882039	25.71420582	25.43440927	25.560769	
3/21/13	25.37123	25.59687238	25.31707402	25.37123	
3/22/13	25.44343573	25.57882026	25.36220357	25.497589	
3/25/13	25.54271683	25.58784621	25.23584319	25.416358	
3/26/13	25.48856356	25.57882052	25.37123043	25.416358	
3/27/13	25.39830521	25.67810356	25.34415194	25.605898	
3/28/13	25.56076894	25.86764257	25.50661476	25.822515	
4/1/13	25.84959028	25.86764257	25.59687262	25.822515	
4/2/13	25.8044633	26.03913138	25.74128343	25.994002	
4/3/13	25.94887411	26.12938892	25.75933541	25.777385	
4/4/13	25.62394849	25.8225156	25.51564105	25.813489	
4/5/13	25.47051083	25.97595156	25.37122999	25.903746	
4/8/13	25.93082273	25.93082273	25.69615375	25.804463	
4/9/13	25.93082193	26.91462269	25.88569346	26.725084	
4/10/13	26.68898074	27.36590788	26.64385226	27.329806	
4/11/13	26.26477322	26.35503108	25.9308225	26.120363	
4/12/13	26.03913127	26.19256809	25.86764306	25.984978	
4/15/13	25.85861632	26.15646425	25.73225659	25.89472	
4/16/13	26.08426003	26.30087582	25.90374703	26.147439	
4/17/13	26.03913139	26.21062051	25.813489	26.02108	
4/18/13	26.12938913	26.15646531	25.72323193	25.984978	
4/19/13	26.73411047	27.29370268	26.72508478	26.869495	
4/22/13	27.34785624	28.14211834	27.32078006	27.826219	
4/23/13	27.70888586	27.88939886	27.4200618	27.618628	
4/24/13	27.63668061	28.81002013	27.61862832	28.665609	
4/25/13	28.62047821	29.64038265	28.4670432	28.828071	
4/26/13	28.79196774	28.86417331	28.38581236	28.692686	
4/29/13	28.70170988	29.49597196	28.6746337	29.432793	
4/30/13	29.38766516	29.8840784	29.13494388	29.87505	
5/1/13	29.7216147	29.85700193	29.42376495	29.532076	
5/2/13	29.45084505	29.93822989	29.23422655	29.929206	
5/3/13	29.99238512	30.25413028	29.8570015	30.227055	
5/6/13	30.16387225	30.60613313	30.01043723	30.461722	
5/7/13	30.37146654	30.49782538	30.00141304	30.064592	
5/8/13	29.84797376	30.00141238	29.46889637	29.77577	
5/9/13	29.64940741	29.78479464	29.41474113	29.477921	
5/10/13	29.48694471	29.53207589	29.17104718	29.504997	
5/13/13	29.4327936	29.84797468	29.37863762	29.811871	
5/14/13	29.8664068	30.475367	29.81187107	30.475367	
5/15/13	30.40265731	30.81166256	30.38447843	30.766214	
5/16/13	30.57534592	31.0388869	30.49354505	30.975264	
5/17/13	31.0207079	31.693291	30.99343822	31.693291	
5/20/13	31.5660457	31.90233633	31.52060077	31.884162	
5/21/13	31.90233663	32.0568512	31.55695792	31.675112	
5/22/13	31.62058074	31.66602475	31.22975437	31.456979	
5/23/13	31.11159606	31.40244268	30.81166137	31.038886	
5/24/13	30.82983669	31.15704108	30.81166236	31.147953	
5/28/13	31.28428606	31.97505077	31.27519889	31.829627	
5/29/13	31.57513711	31.82962689	31.42062254	31.702382	
5/30/13	31.67511136	32.03867258	31.63875814	31.838714	
5/31/13	31.6478463	32.06593871	31.62058025	31.72056	
6/3/13	31.73873516	32.38405585	31.65693793	32.347699	
6/4/13	32.37496434	32.48403489	31.60240151	31.802361	
6/5/13	31.44788736	31.71146884	31.29337642	31.61149	
6/6/13	31.66602508	31.9114286	31.34791241	31.775092	
6/7/13	32.03867343	32.52038875	31.86598362	32.420409	
6/10/13	32.27498521	32.40223465	31.93869367	32.238632	
6/11/13	31.85689278	31.9750505	31.52060123	31.666025	
6/12/13	31.93869389	32.05685161	31.6751124	31.811449	
6/13/13	31.80236151	31.82962665	31.43880028	31.556958	
6/14/13	31.40244305	31.52968884	31.1297744	31.266111	
6/17/13	31.52968954	31.95687277	31.47515745	31.811449	
6/18/13	31.78418192	31.9659589	31.72055994	31.79327	
6/19/13	31.77509155	31.89324926	31.4388	31.4388	
6/20/13	31.13886122	31.20248775	30.32994245	30.439013	
6/21/13	30.59352544	30.65714834	30.03909641	30.239055	
6/24/13	29.93911731	31.0843313	29.60282576	30.64806	
6/25/13	30.97526404	31.24793269	30.41174422	30.602612	
6/26/13	31.01161724	31.33882163	30.80257058	31.220663	
6/27/13	31.37517706	31.61148976	31.35699909	31.466066	
6/28/13	31.24793224	31.62058063	31.21157539	31.393356	
7/1/13	31.58422351	31.80236098	31.20248795	31.229754	
7/2/13	31.27519822	31.30246426	30.56625828	30.848015	
7/3/13	30.59352532	31.23884239	30.53898959	30.911638	
7/5/13	30.98435108	31.12068768	30.52081465	31.093418	
7/8/13	31.22066233	31.4387998	30.8843717	31.202488	
7/9/13	31.4297133	31.44788763	31.02979522	31.220663	
7/10/13	31.21157562	31.63875884	31.19339765	31.53878	
7/11/13	31.81144794	32.51129979	31.7205599	32.438587	
7/12/13	32.33861177	32.47494473	32.06593948	32.420409	
7/15/13	32.41132157	32.92030565	32.3386115	32.874858	
7/16/13	32.72943456	33.11117377	32.68399054	32.96575	
7/17/13	33.0293723	33.07481631	32.25681037	32.484035	
7/18/13	32.46585641	32.62036734	32.01140714	32.211363	
7/19/13	29.44831435	29.69371332	28.19403256	28.539414	
7/22/13	28.81208418	29.09384	28.72119342	29.09384	
7/23/13	29.00295187	29.12110958	28.82117125	28.921151	
7/24/13	29.1211097	29.25744266	28.9847731	29.048396	
7/25/13	28.73937248	28.76663853	28.40307911	28.530324	
7/26/13	28.41216763	28.739372	28.36672179	28.739372	
7/29/13	28.60303628	28.721194	28.53941429	28.666661	
7/30/13	28.88479701	29.1938207	28.67574852	28.948419	
7/31/13	29.0574849	29.13019678	28.82117128	28.939329	
8/1/13	29.13928834	29.16655439	28.7211941	28.784817	
8/2/13	28.80299611	28.99386389	28.69392737	28.984774	
8/5/13	28.9938628	29.08475265	28.75754827	28.812084	
8/6/13	28.67574813	28.78481687	28.52123538	28.703016	
8/7/13	28.66666076	29.17564121	28.40307928	29.139288	
8/8/13	29.30289068	30.05727465	29.13019723	29.893672	
8/9/13	29.78460499	29.90276362	29.51193634	29.720983	
8/12/13	29.5028456	29.96638567	29.5028456	29.875494	
8/13/13	29.75650406	29.7931171	29.48191402	29.500221	
8/14/13	29.41784325	30.53451496	29.01511168	29.610056	
8/15/13	29.28970175	29.45445632	28.22795006	29.097489	
8/16/13	29.0974888	29.28054852	28.97849847	29.10664	
8/19/13	29.07002909	29.26224185	28.72221297	28.731366	
8/20/13	28.77713243	29.19817097	28.71306121	28.941887	
8/21/13	28.932734	29.29885252	28.86866278	28.932734	
8/22/13	29.46360836	29.73820206	29.38123016	29.646669	
8/23/13	32.1912105	32.21867234	31.12030763	31.806785	
8/26/13	31.48643079	31.73355899	31.14776587	31.257605	
8/27/13	30.68096266	31.21183667	30.34230231	30.442982	
8/28/13	30.56197226	30.75418501	30.20500494	30.223311	
8/29/13	30.14093394	30.75418524	30.02194361	30.708421	
8/30/13	30.54366516	30.64434942	30.28738119	30.571127	
9/3/13	29.0608755	29.35377252	28.63983696	29.179864	
9/4/13	28.73136577	28.80459003	28.47508271	28.55746	
9/5/13	28.46592859	28.77713258	28.32863403	28.584918	
9/6/13	28.65814059	28.73136484	28.49338602	28.511693	
9/9/13	28.57576369	29.09748833	28.55745946	28.978498	
9/10/13	29.19817136	29.65582478	29.09748892	29.646669	
9/11/13	29.81142363	30.14093277	29.77481059	29.967027	
9/12/13	29.94871993	30.00363628	29.8297296	29.921259	
9/13/13	29.99448509	30.26907604	29.75650443	30.232463	
9/16/13	30.55282067	30.66265613	29.95787269	30.021943	
9/17/13	30.58943073	30.63519864	30.11347673	30.140934	
9/18/13	30.19585279	30.57112708	30.04940429	30.497901	
9/19/13	30.64435041	30.82741104	30.4979019	30.790798	
9/20/13	30.58027905	30.64435027	29.92125985	30.012792	
9/23/13	29.78396545	30.17754581	29.74735241	29.967027	
9/24/13	30.0860145	30.0860145	29.42699896	29.701589	
9/25/13	29.7382026	30.02194384	29.65582531	29.756505	
9/26/13	29.87549467	30.20500473	29.82973043	29.994485	
9/27/13	30.09516967	30.89148253	30.08601481	30.452137	
9/30/13	30.20500403	30.48874893	29.930414	30.461288	
10/1/13	30.52535861	30.76334018	30.47959437	30.735882	
10/2/13	30.53451497	31.14776626	30.47044374	31.047082	
10/3/13	31.01047206	31.12030753	30.58942986	30.992166	
10/4/13	30.83656257	31.11115626	30.77249135	31.010472	
10/7/13	30.75418504	30.8548693	30.38806651	30.479595	
10/8/13	30.4887497	30.50705668	30.02194325	30.214156	
10/9/13	30.269076	30.52535906	30.16839174	30.269076	
10/10/13	30.48875031	31.01962433	30.4429824	30.900634	
10/11/13	30.82741066	31.2484492	30.82741066	31.239298	
10/14/13	31.02877917	31.57795924	30.91894005	31.532195	
10/15/13	31.73355891	32.02645958	31.55050102	31.568808	
10/16/13	31.66948796	31.94408257	31.63287858	31.706101	
10/17/13	31.53219525	32.02645988	31.45896917	31.962385	
10/18/13	31.87085647	32.02645984	31.42235975	31.998998	
10/21/13	32.01730414	32.21867175	31.95323292	32.026459	
10/22/13	32.05391656	32.12713898	31.59626498	31.651185	
10/23/13	31.44066288	31.56880899	30.81825671	30.900634	
10/24/13	30.9555534	31.21183646	30.72672761	30.864024	
10/25/13	32.84107839	33.21635269	32.46580409	32.703782	
10/28/13	32.59394704	32.70378251	32.28274305	32.557334	
10/29/13	32.61225327	32.69463055	32.27358834	32.511569	
10/30/13	32.52072114	32.7587018	32.42919173	32.529876	
10/31/13	32.63971079	32.66716897	32.34681378	32.410885	
11/1/13	32.64886253	32.66716951	32.39257856	32.520721	
11/4/13	32.57563981	32.93260804	32.53902676	32.895995	
11/5/13	32.75870212	33.60077922	32.74039514	33.536708	
11/6/13	34.08589185	34.98288804	33.92113637	34.946275	
11/7/13	34.74490754	34.79067179	34.25979778	34.323869	
11/8/13	34.47946874	34.580153	34.17742052	34.580153	
11/11/13	34.4977754	34.58015269	34.18657141	34.406246	
11/12/13	34.21403306	34.41539701	34.04927849	34.195727	
11/13/13	33.84791126	34.927969	33.77468884	34.927969	
11/14/13	34.66253061	34.90051127	34.52523696	34.799827	
11/15/13	34.73575626	34.79982657	34.52523653	34.635072	
11/18/13	34.18657173	34.39709512	33.93028867	34.049279	
11/19/13	33.98471824	34.3351731	33.81871418	33.883275	
11/20/13	34.04927515	34.50117693	33.99394323	34.196838	
11/21/13	34.37206234	34.61184505	34.36283804	34.491956	
11/22/13	34.61184529	34.75018292	34.4273991	34.648736	
11/25/13	34.98074491	34.99919073	34.64873679	34.713293	
11/26/13	34.6487367	34.72251813	34.445841	34.445841	
11/27/13	34.6487375	34.82396217	34.57495976	34.676403	
11/29/13	34.87929819	35.31275417	34.87929819	35.165195	
12/2/13	35.12830395	35.76465194	35.10063753	35.460313	
12/3/13	35.17441554	35.49720399	35.11908362	35.331199	
12/4/13	35.23897231	35.94910171	35.15597028	35.912211	
12/5/13	35.82920823	35.85687834	34.28906127	35.045302	
12/6/13	35.43264292	35.55253567	35.03608135	35.377311	
12/9/13	35.56176013	35.84765417	35.38653177	35.700095	
12/10/13	35.60787138	35.87532329	35.06374605	35.146749	
12/11/13	35.10063715	35.32197405	34.4827313	34.685627	
12/12/13	34.71329297	34.71329297	34.28906129	34.325952	
12/13/13	34.51039777	34.53806788	33.77260287	33.83716	
12/16/13	33.87405175	34.12305785	33.69882616	34.02161	
12/17/13	34.06772189	34.22450535	33.50515533	33.68038	
12/18/13	33.53282123	33.75415721	32.76735621	33.735716	
12/19/13	33.6711558	33.70804652	33.27459423	33.431374	
12/20/13	33.38526198	34.05849974	33.37603768	33.938607	
12/23/13	33.94783135	34.02160909	33.70804587	33.772603	
12/24/13	33.86482896	34.27983634	33.79104753	34.196838	
12/26/13	34.30750709	34.57495901	34.27983698	34.528844	
12/27/13	34.65796091	34.69484793	34.27983686	34.390509	
12/30/13	34.32595186	34.47351103	34.03083446	34.390509	
12/31/13	34.4919564	34.65796046	34.32595142	34.501177	
1/2/14	34.44584066	34.49195659	34.21527947	34.270616	
1/3/14	34.30750691	34.32595181	33.75415727	34.040055	
1/6/14	33.98471848	34.02160919	33.3022601	33.320705	
1/7/14	33.50515526	33.65271443	33.39448312	33.578933	
1/8/14	33.2008126	33.32992594	32.81347163	32.979472	
1/9/14	33.09014352	33.11780994	32.64746695	32.767356	
1/10/14	33.10858965	33.33915085	32.97025109	33.237703	
1/13/14	33.19159106	33.21925656	32.12178713	32.260122	
1/14/14	32.02956091	33.09014332	31.93733736	32.997917	
1/15/14	33.10859016	33.92938711	33.06247423	33.901717	
1/16/14	33.83716104	34.12305785	33.48670986	34.02161	
1/17/14	33.96627707	33.96627707	33.33915062	33.551266	
1/21/14	33.95705295	33.95705295	33.25614784	33.357592	
1/22/14	33.44059393	33.49593046	32.97025094	33.136255	
1/23/14	33.28381442	33.32070514	32.75813489	33.256148	
1/24/14	34.53806867	34.63029131	33.68960161	33.947832	
1/27/14	34.00316463	34.02160952	33.18236768	33.228479	
1/28/14	33.31148136	33.56048745	32.9702517	33.449819	
1/29/14	33.18236754	34.01238878	33.1085898	33.809494	
1/30/14	33.92938587	34.0123879	33.41292788	33.993943	
1/31/14	34.07694606	34.94385432	33.71727059	34.897743	
2/3/14	34.80551925	35.03608044	33.59737676	33.643489	
2/4/14	34.09539155	34.29828356	33.43137436	33.523597	
2/5/14	33.46826397	33.63426803	33.01636218	33.034808	
2/6/14	33.01636305	33.43137414	32.91491612	33.366817	
2/7/14	33.49593132	33.74493742	33.21003359	33.717271	
2/10/14	33.78182723	33.938607	33.46826401	33.938607	
2/11/14	34.01238878	34.36283903	33.99394388	34.279837	
2/12/14	34.44584086	34.67640206	34.39972954	34.556513	
2/13/14	34.42739938	34.91618819	34.42739938	34.685627	
2/14/14	34.4827317	34.84240717	34.42739978	34.694848	
2/18/14	34.96430546	35.10367766	34.75988925	34.769179	
2/19/14	34.58334928	35.07580334	34.57405582	34.852803	
2/20/14	34.90855414	35.18730131	34.75059874	35.075803	
2/21/14	35.25234266	35.63329747	35.17801169	35.28951	
2/24/14	35.020053	35.28951043	34.8806808	35.020053	
2/25/14	34.94572223	35.16871793	34.70413774	34.880681	
2/26/14	34.91784857	35.06651423	34.55547324	34.81564	
2/27/14	34.79705625	35.20588495	34.59264005	35.178012	
2/28/14	35.28951115	35.7355072	35.14084549	35.596135	
3/3/14	35.23375852	35.42888498	34.83422329	35.103677	
3/4/14	35.49392626	35.75409022	35.37313448	35.689049	
3/5/14	35.54038352	35.55896673	35.24305221	35.410302	
3/6/14	35.43817461	35.53109343	35.20588452	35.447469	
3/7/14	35.56825714	35.64259183	35.02005254	35.215179	
3/10/14	35.29880312	35.31738261	35.0479289	35.140844	
3/11/14	35.18730202	35.52180068	35.04792982	35.326677	
3/12/14	35.1222607	35.70763266	35.11297096	35.558967	
3/13/14	35.69833906	35.72621666	34.97359491	35.205885	
3/14/14	34.98288891	35.43817469	34.85280275	35.029346	
3/17/14	35.21517973	35.68904966	35.11297116	35.354551	
3/18/14	35.54967322	37.07349991	35.51250959	36.748291	
3/19/14	36.673961	36.74829198	36.15363026	36.488128	
3/20/14	36.46954396	37.77037031	36.46025421	37.473039	
3/21/14	37.83541073	38.03982415	37.17570409	37.31508	
3/24/14	37.48232834	37.76107552	37.03633231	37.630994	
3/25/14	37.77966032	38.08628509	37.12924713	37.482329	
3/26/14	37.61241071	37.82611666	36.79474775	36.971291	
3/27/14	36.92483386	37.13853981	36.55316786	36.571752	
3/28/14	36.97129207	37.76107653	36.8690835	37.445162	
3/31/14	37.56595334	38.56015493	37.53808039	38.086285	
4/1/14	38.23495042	38.64377912	38.16061573	38.48582	
4/2/14	38.50440436	38.70882057	38.25353014	38.420779	
4/3/14	38.36503269	38.36503269	37.82611782	38.104865	
4/4/14	38.3278642	38.45794572	36.83191512	37.045622	
4/7/14	37.12924666	37.41728729	36.92483417	36.980581	
4/8/14	36.93412378	37.10137264	36.42308651	36.999165	
4/9/14	37.10137347	37.67745197	37.05491638	37.603121	
4/10/14	37.57524331	37.8075334	36.32087778	36.571752	
4/11/14	36.23725425	36.97129187	36.23725425	36.432377	
4/14/14	36.3394627	36.61820988	36.14433996	36.404503	
4/15/14	36.55316826	37.12924674	36.28371082	36.934124	
4/16/14	37.22216455	37.55665949	37.08278957	37.53808	
4/17/14	37.175704	37.35224726	36.71112382	37.175704	
4/21/14	37.28720532	37.30578946	36.97129081	37.110663	
4/22/14	37.1292464	37.29649526	37.00845835	37.157124	
4/23/14	37.15712389	37.15712389	36.67395958	36.878373	
4/24/14	36.92483369	37.13853964	36.51600035	37.036332	
4/25/14	37.43587187	37.79824348	36.93412434	37.08279	
4/28/14	37.29649594	38.36503221	37.25003885	37.974783	
4/29/14	38.18848861	38.27211397	37.52878569	37.640284	
4/30/14	37.53808	37.63099418	37.3243694	37.53808	
5/1/14	37.38941434	37.50091266	37.11995691	37.166414	
5/2/14	37.45445427	37.48232815	36.85049912	36.878373	
5/5/14	36.72041743	36.83191575	36.51600122	36.636793	
5/6/14	36.50671189	36.56245872	36.19079736	36.293005	
5/7/14	36.44167071	36.71112443	35.78196406	36.6275	
5/8/14	36.55316882	37.07350048	36.20938041	36.831916	
5/9/14	36.739001	37.02703792	36.58104188	36.739001	
5/12/14	36.92483504	37.18499809	36.84121061	37.138541	
5/13/14	37.35375334	37.8964701	37.28825327	37.821611	
5/14/14	37.70932611	37.84968528	37.47539728	37.653186	
5/15/14	37.51282738	37.802901	36.97011062	37.054325	
5/16/14	37.11982481	37.27889828	36.74554055	37.269543	
5/19/14	37.06368479	37.26018407	36.92332562	37.194684	
5/20/14	37.129184	37.37246905	36.92332569	37.129184	
5/21/14	37.2414695	37.756112	37.18532939	37.756112	
5/22/14	37.69997172	37.75611183	37.28825417	37.522183	
5/23/14	37.77482683	37.77482683	37.4286131	37.540898	
5/27/14	37.67189614	37.67189614	37.25082706	37.606397	
5/28/14	37.55961193	37.60639769	37.26018396	37.437968	
5/29/14	37.56897196	37.75611128	37.34439841	37.746756	
5/30/14	37.84968537	38.33625733	37.66254137	38.308184	
6/2/14	38.31754345	38.44854266	38.06489938	38.167829	
6/3/14	37.99003994	38.06489904	37.66254145	37.699971	
6/4/14	37.62511138	37.77482583	37.2976129	37.728041	
6/5/14	37.98068444	38.59825655	37.80290041	38.560827	
6/6/14	38.813471	38.98189976	38.5889012	38.813471	
6/9/14	38.7292569	38.81347222	38.38304317	38.616972	
6/10/14	38.3923979	38.51404183	38.23332817	38.467257	
6/11/14	38.29882714	38.42982728	38.14911269	38.233328	
6/12/14	38.18654258	38.25204266	37.69997063	37.971329	
6/13/14	38.45789714	38.8976852	38.23332827	38.579542	
6/16/14	38.40175789	38.93511562	38.40175789	38.832186	
6/17/14	38.63568696	39.21582953	37.74675646	39.000615	
6/18/14	38.93511445	39.05675838	38.53275594	38.972544	
6/19/14	38.89768579	39.08482885	38.67311599	38.841541	
6/20/14	38.78540141	39.14097417	38.71990134	39.000615	
6/23/14	39.04740015	39.30004328	39.0099706	39.290688	
6/24/14	39.1409741	39.24389998	38.88833002	39.066115	
6/25/14	39.01932982	39.34682831	38.79475627	39.328114	
6/26/14	39.23454328	39.2438995	38.76668562	39.038044	
6/27/14	38.93511514	39.57140155	38.8415408	39.533972	
6/30/14	39.45911238	39.49654193	39.019329	39.019329	
7/1/14	39.16904372	39.44040209	39.00997024	39.178399	
7/2/14	39.04739953	39.206473	38.86025553	39.206473	
7/3/14	39.21582962	39.29068872	38.88833019	39.1129	
7/7/14	39.06611445	39.41232818	39.0286849	39.290688	
7/8/14	39.17839938	39.30004331	38.93511527	39.094185	
7/9/14	39.28132962	39.29068865	38.86025679	38.991256	
7/10/14	38.7105411	39.30004268	38.41111221	39.00997	
7/11/14	39.01932996	39.384258	38.81347165	39.384258	
7/14/14	39.5059021	39.72111662	39.33747334	39.431043	
7/15/14	39.6088311	39.73983031	39.3281137	39.721116	
7/16/14	39.77725621	41.46154659	39.74918662	41.246333	
7/17/14	42.52826196	42.77154607	41.40540265	41.667402	
7/18/14	41.77969019	41.95747423	41.4054022	41.817116	
7/21/14	41.69547565	42.2569039	41.37733244	41.957475	
7/22/14	42.10718873	42.2475479	41.72354546	41.948119	
7/23/14	42.52826175	42.52826175	41.75161617	41.985545	
7/24/14	42.04168925	42.10718932	41.4709029	41.545762	
7/25/14	41.452188	41.78904645	41.452188	41.639332	
7/28/14	41.50833298	41.64868747	41.10597445	41.143404	
7/29/14	41.08726024	41.255689	40.83461617	41.068545	
7/30/14	41.23697363	41.26504322	40.50711662	40.778475	
7/31/14	40.59133131	40.88140118	40.31061765	40.385473	
8/1/14	40.43225749	40.46968703	39.86147021	40.104759	
8/4/14	40.20768775	40.6755454	40.0579733	40.581972	
8/5/14	40.52583159	40.66618702	40.07668917	40.310618	
8/6/14	39.992474	40.39482784	39.49654208	39.992474	
8/7/14	40.08604403	40.6568313	39.90825999	40.450973	
8/8/14	40.45097252	40.5351869	40.15154363	40.422902	
8/11/14	40.47904211	40.65683083	40.25447231	40.422902	
8/12/14	40.27318858	40.78783107	40.23575903	40.722331	
8/13/14	40.872045	41.33990266	40.72233055	41.246333	
8/14/14	41.24633396	41.56447343	41.18083014	41.424118	
8/15/14	41.71419072	42.01361962	41.54576196	41.91069	
8/18/14	42.05104552	42.210119	41.80776048	42.210119	
8/19/14	42.3419366	42.69031271	42.2101192	42.680899	
8/20/14	42.6903123	42.74680776	42.27602796	42.323105	
8/21/14	42.2195334	42.60557285	42.21011969	42.577327	
8/22/14	42.69972615	42.81271613	42.43609135	42.511418	
8/25/14	42.74680848	42.78446804	42.40784607	42.530246	
8/26/14	42.66206771	42.74680902	42.31368877	42.379597	
8/27/14	42.27602861	42.37018269	42.1442065	42.247779	
8/28/14	42.13479231	42.35135102	42.00297491	42.257196	
8/29/14	42.45492273	42.78446765	42.23836496	42.775053	
9/2/14	42.77505327	42.80329912	42.22894681	42.454923	
9/3/14	41.92764837	42.47375482	41.92764837	42.332519	
9/4/14	42.12537877	42.62440348	42.10654664	42.614986	
9/5/14	42.47375525	43.24583319	42.47375525	43.227002	
9/8/14	43.33057323	44.06498879	43.30232833	43.754276	
9/9/14	43.75427653	44.22505635	43.70719573	44.027326	
9/10/14	44.08382081	44.19680702	43.57537768	44.102652	
9/11/14	44.00849838	44.253302	43.75427634	44.253302	
9/12/14	44.16856158	44.27213314	43.87667621	43.970835	
9/15/14	43.82018494	43.98024819	43.40589589	43.537718	
9/16/14	43.67894988	44.11206637	43.5847958	44.027326	
9/17/14	43.55654661	43.9614182	43.52830171	43.801354	
9/18/14	43.86726263	44.09323883	43.74485894	43.952003	
9/19/14	44.07440661	44.78999098	43.87667627	44.742913	
9/22/14	44.53576943	44.61109608	44.23447129	44.309797	
9/23/14	44.11206647	44.2344711	43.75427663	43.839017	
9/24/14	43.90492524	44.35687385	43.63187201	44.328628	
9/25/14	44.14031507	44.33804164	43.33998752	43.349405	
9/26/14	43.24583239	43.89550757	43.08576538	43.697781	
9/29/14	43.29291052	43.83901604	43.08576553	43.726027	
9/30/14	43.66011771	43.76369021	43.32115532	43.650704	
10/1/14	43.56596317	43.81076773	43.17050625	43.217588	
10/2/14	43.15167894	43.40589627	42.97277979	43.085766	
10/3/14	43.29291144	43.59420958	42.94453532	43.396483	
10/6/14	43.42472885	43.59420958	43.23641598	43.396483	
10/7/14	43.17992455	43.24583278	42.7656355	42.869208	
10/8/14	42.82213144	44.14972956	42.69031309	44.046158	
10/9/14	43.78252264	44.06498959	43.06693921	43.170507	
10/10/14	42.93511666	43.4247286	41.38154611	41.456869	
10/13/14	41.25914225	41.95589731	40.94842946	41.099079	
10/14/14	41.3062184	41.78641568	41.01433681	41.174401	
10/15/14	40.48706394	40.85427125	39.63965839	40.694208	
10/16/14	40.04452866	40.56238926	39.75264707	40.242259	
10/17/14	40.67537636	41.3721286	40.28933692	41.080247	
10/20/14	40.54355727	41.56043975	40.30816737	41.503949	
10/21/14	41.76758501	42.35135102	41.60751799	42.257196	
10/22/14	42.37018302	42.4360922	41.64518212	41.786417	
10/23/14	42.01238921	42.79388558	41.92764885	42.389014	
10/24/14	44.09323867	44.15914785	42.53966342	43.434146	
10/27/14	43.03868914	43.40589644	43.03868914	43.227002	
10/28/14	43.17992451	43.78252171	43.0951832	43.773108	
10/29/14	43.72602727	43.97083465	43.63187225	43.895508	
10/30/14	43.61304104	43.61304104	43.09518325	43.358819	
10/31/14	44.19680752	44.22505619	43.76369104	44.206225	
11/3/14	44.14972921	44.68641819	43.99908062	44.667587	
11/4/14	44.53576797	44.94063954	44.48869093	44.78999	
11/5/14	45.00654854	45.10070733	44.49810541	45.063044	
11/6/14	45.06304393	46.00460354	44.99713475	45.853954	
11/7/14	46.06109442	46.06109442	45.46791469	45.835122	
11/10/14	45.80687752	46.27765733	45.71271873	46.032849	
11/11/14	45.99518487	46.08934365	45.80687671	46.014017	
11/12/14	45.72213577	46.0610944	45.68447244	45.929277	
11/13/14	45.95752532	46.74843633	45.86336747	46.710773	
11/14/14	46.83317654	47.12505719	46.50362785	46.682527	
11/17/14	46.52246096	46.80492791	46.26823892	46.569538	
11/18/14	46.55058735	46.74008794	46.14316312	46.181064	
11/19/14	46.10526226	46.1905371	45.41358858	45.688364	
11/20/14	45.47991332	46.143163	45.3567376	46.143163	
11/21/14	46.44636111	46.47478511	45.07248874	45.460963	
11/24/14	45.47044118	45.47991427	44.90193941	45.09144	
11/25/14	45.15776471	45.45149011	44.95879104	44.977741	
11/26/14	44.99669136	45.47044046	44.7977139	45.243039	
11/28/14	45.43253975	45.6694143	45.11039036	45.29989	
12/1/14	45.36621522	46.21896171	45.20513863	46.067362	
12/2/14	46.27581226	46.47478594	45.66941436	45.915762	
12/3/14	45.89681151	45.95366235	45.29988954	45.555715	
12/4/14	45.84943686	46.48426255	45.6694141	46.275812	
12/5/14	46.25686218	46.39898785	45.83996391	45.877861	
12/8/14	45.72626115	45.81153599	44.95879045	45.195665	
12/9/14	44.6366418	45.40411252	44.57979002	45.09144	
12/10/14	45.08196577	45.15776373	44.24816641	44.437667	
12/11/14	44.60821695	45.23356576	44.22921578	44.693488	
12/12/14	44.32396441	45.22408864	44.21973866	44.485041	
12/15/14	44.72191589	45.1672372	44.10604016	44.219739	
12/16/14	43.49016957	43.90706688	42.760595	42.789019	
12/17/14	42.68479241	43.53754267	42.54267052	43.338569	
12/18/14	44.13446858	45.025115	43.90706711	45.025115	
12/19/14	45.12934	45.57466131	44.69348799	45.157764	
12/22/14	45.27146242	45.5936118	45.20513754	45.460963	
12/23/14	45.83048725	46.23791148	45.60308957	45.906289	
12/24/14	46.08631211	46.08631211	45.55571595	45.612563	
12/26/14	45.8683881	45.8683881	45.30936416	45.366215	
12/29/14	45.19566455	45.27146251	44.7787625	44.95879	
12/30/14	44.9493143	45.11986398	44.38081632	44.551366	
12/31/14	44.27659055	44.94931332	44.011292	44.011292	
1/2/15	44.21026607	44.93036281	44.09656724	44.305014	
1/5/15	43.93549009	44.27659038	43.82179125	43.897593	
1/6/15	43.94496673	44.29554011	43.14906825	43.253294	
1/7/15	43.56596645	44.02076463	43.10169424	43.802841	
1/8/15	44.2955415	45.24303971	44.2671175	45.09144	
1/9/15	45.11039014	45.30936381	44.43766737	44.712439	
1/12/15	44.93036354	45.04406617	43.92601827	44.153415	
1/13/15	44.5039909	45.39463825	43.64176754	43.926017	
1/14/15	43.547017	43.81231934	43.22486761	43.547017	
1/15/15	43.79336761	43.94496732	43.02589313	43.092218	
1/16/15	42.93114374	43.85021508	42.79849115	43.812318	
1/20/15	43.86916616	44.20079338	43.17749342	43.954441	
1/21/15	43.52806691	43.71756655	43.09221868	43.509116	
1/22/15	43.94496735	44.66506409	43.66071884	44.655591	
1/23/15	44.87351562	44.90193867	44.34291474	44.702965	
1/26/15	44.53241591	44.65559163	43.81231917	44.541889	
1/27/15	40.69504842	40.93192297	39.89914994	40.420273	
1/28/15	40.49607506	40.54344902	38.999026	39.02745	
1/29/15	38.78110183	39.90862375	38.64845302	39.804398	
1/30/15	39.36854908	39.39697687	38.2315503	38.278929	
2/2/15	38.45895219	39.19799984	38.11785283	39.112725	
2/3/15	39.44435179	39.72860031	38.89480093	39.415924	
2/4/15	39.73807387	39.99389839	39.18852681	39.643325	
2/5/15	40.00337442	40.40132176	39.66227507	40.221299	
2/6/15	40.43922352	40.54344927	39.93705136	40.183399	
2/9/15	40.02232517	40.49607426	39.99389738	40.136024	
2/10/15	40.49607554	40.52449859	39.96547465	40.363422	
2/11/15	40.41080046	40.41080046	39.99389841	40.154975	
2/12/15	40.42027377	40.827698	40.27814714	40.827698	
2/13/15	41.10247278	41.566745	40.88454914	41.566745	
2/17/15	41.95798712	41.9866134	41.21367706	41.585834	
2/18/15	41.63354503	41.70034191	41.40452523	41.538119	
2/19/15	41.20413581	41.53811928	41.0800835	41.509493	
2/20/15	41.51903272	41.87210482	41.30910252	41.85302	
2/23/15	41.7003415	42.16791779	41.6526304	42.129751	
2/24/15	42.12975138	42.2728847	41.91027209	42.072495	
2/25/15	41.9389024	42.07249521	41.79576431	41.977073	
2/26/15	41.97707307	42.20608905	41.88164608	42.043869	
2/27/15	42.11066641	42.17746329	41.66217207	41.843476	
3/2/15	41.67171248	42.16791887	41.55720449	41.872106	
3/3/15	41.56674845	41.82439453	41.11825412	41.299559	
3/4/15	41.04191308	41.23276227	40.91786458	41.089628	
3/5/15	41.0991684	41.26139131	40.8606081	41.137339	
3/6/15	41.03237141	41.1373389	40.2212683	40.421658	
3/9/15	40.25943674	41.15642541	40.25943674	40.889235	
3/10/15	40.41211323	40.75564102	40.106757	40.106757	
3/11/15	40.37394655	40.43119912	39.92545223	40.059046	
3/12/15	39.43879169	39.74414888	38.99029736	39.142975	
3/13/15	38.83761896	39.57238471	38.75173725	39.486503	
3/16/15	39.57238429	39.73460339	39.39107655	39.658266	
3/17/15	39.4769575	39.91591131	39.26702729	39.791859	
3/18/15	39.53421389	40.87015351	39.43879168	40.555252	
3/19/15	40.3262319	40.64113341	40.28806511	40.354862	
3/20/15	40.61250681	41.01328717	40.54571088	40.917864	
3/23/15	40.91786382	41.15642413	40.8224378	40.898779	
3/24/15	40.82243819	41.19459131	40.79381191	40.93695	
3/25/15	40.95603123	40.96557555	39.54375518	39.56284	
3/26/15	39.33382432	39.7059784	39.04754909	39.32428	
3/27/15	39.23839828	39.53421401	38.96167118	39.095264	
3/30/15	39.21931182	39.63918081	39.03800789	39.085719	
3/31/15	38.91395599	39.1525163	38.68494001	38.799448	
4/1/15	38.74219119	38.89486979	38.4654641	38.856703	
4/2/15	38.79944729	38.8757885	38.28415609	38.446379	
4/6/15	38.49409107	39.86819748	38.34141247	39.648722	
4/7/15	39.70597821	39.99224962	39.41970584	39.629637	
4/8/15	39.5628396	39.78231508	39.1620602	39.524669	
4/9/15	39.36244952	39.71551781	39.36244952	39.581925	
4/10/15	39.72506329	40.03042048	39.51512926	39.810945	
4/13/15	39.50558897	40.13538723	39.4960437	39.849112	
4/14/15	39.88728132	40.10675679	39.49604242	39.744148	
4/15/15	39.84911139	40.5170812	39.772774	40.326232	
4/16/15	40.0304203	40.40257342	39.90636798	40.23081	
4/17/15	39.76322911	39.83002981	39.276568	39.715518	
4/20/15	39.82048538	41.1945908	39.77277332	40.94649	
4/21/15	41.0323728	41.17551089	40.58387846	40.688845	
4/22/15	40.71747	41.15642381	40.60296201	41.022831	
4/23/15	40.9274045	41.61446008	40.84152279	41.356814	
4/24/15	43.57065387	45.93717113	43.56111337	45.679526	
4/27/15	45.06881199	45.92763003	45.05927053	45.832204	
4/28/15	45.59364417	46.95820911	45.51730678	46.910498	
4/29/15	46.49063299	47.0536353	46.28069896	46.815075	
4/30/15	46.47154838	47.27311101	46.3761214	46.414292	
5/1/15	46.35703961	46.64331102	46.1852762	46.433377	
5/4/15	46.15664649	46.6337671	45.97534162	46.032598	
5/5/15	45.63181498	45.95625699	45.14515291	45.42188	
5/6/15	45.39325411	45.58410235	43.91418024	44.162282	
5/7/15	44.15274132	44.93521912	44.04777479	44.563066	
5/8/15	45.3741688	45.78449348	45.34554252	45.565018	
5/11/15	45.37416842	45.71769621	45.202405	45.202405	
5/12/15	44.70619939	45.49822151	44.29587566	45.18332	
5/13/15	45.98488317	46.10893548	45.39325457	45.45051	
5/14/15	45.83220465	46.58605617	45.83220465	46.490633	
5/15/15	46.6337675	46.6719381	45.85128969	46.08985	
5/18/15	45.78449367	46.01351252	45.43142538	45.813119	
5/19/15	45.67865918	45.91876988	45.31368997	45.697869	
5/20/15	45.51538199	46.03402205	45.40012982	45.697869	
5/21/15	45.40973397	45.7170747	45.15041346	45.544195	
5/22/15	45.42894223	45.47696341	44.96793066	45.044768	
5/26/15	44.97753719	45.02555837	44.36285093	44.747029	
5/27/15	44.96793026	45.88035088	44.77584074	45.726681	
5/28/15	45.62103218	46.12046243	45.51538251	45.573011	
5/29/15	45.55380042	45.6882624	44.74702849	45.006349	
6/1/15	45.19843769	45.8803511	44.77584095	45.361712	
6/2/15	45.07358035	45.4769644	44.77584212	45.063974	
6/3/15	45.49617421	45.85154093	44.96793164	44.996743	
6/4/15	44.93911839	45.29448126	44.37245716	44.526128	
6/5/15	44.47810619	44.67979822	44.02669713	44.314829	
6/8/15	44.46849942	44.59335794	43.86341951	43.921048	
6/9/15	43.94985886	44.12273952	43.66172699	43.844214	
6/10/15	43.97867592	44.97753737	43.88262972	44.766239	
6/11/15	44.81425937	45.06397257	44.30522566	44.602961	
6/12/15	44.3916667	44.63177739	44.08432597	44.151556	
6/15/15	43.65212468	43.84421419	43.23913333	43.680937	
6/16/15	43.55607763	44.41087554	43.50805645	44.017094	
6/17/15	43.92104877	44.24759932	43.5656859	44.151556	
6/18/15	44.39166661	44.9487215	44.34364159	44.871888	
6/19/15	44.93911941	44.97753808	44.17076613	44.276411	
6/22/15	44.4973152	44.87188692	44.33403801	44.401269	
6/23/15	44.30522637	44.44929087	43.81539863	44.093928	
6/24/15	43.86342032	44.42047906	43.74816815	43.834608	
6/25/15	44.20917937	44.23799457	43.70014566	43.844214	
6/26/15	43.84421553	44.44929161	43.24873812	43.469639	
6/29/15	43.25834358	43.44082675	42.60524249	42.614845	
6/30/15	42.94139507	42.95100142	42.20185414	42.40355	
7/1/15	42.70128451	43.4408264	42.35552415	42.691682	
7/2/15	42.7204945	42.97981405	42.3171095	42.643661	
7/6/15	42.22106361	42.72049481	42.2114611	42.634054	
7/7/15	42.58603267	42.73010101	41.60638104	42.547614	
7/8/15	42.68207567	43.12388223	42.28829414	42.48999	
7/9/15	42.97981484	43.43122391	42.73970414	42.758913	
7/10/15	43.22952723	43.35438575	42.80693433	42.845353	
7/13/15	43.20071608	43.8153985	43.17190376	43.738565	
7/14/15	43.65212565	44.14194955	43.51766366	43.815399	
7/15/15	43.8730265	44.07471852	43.6329158	43.94986	
7/16/15	44.18997027	44.84307232	44.15155544	44.81426	
7/17/15	44.70861001	44.92951184	44.43008064	44.775841	
7/20/15	44.80465829	45.26566987	44.60296242	45.063974	
7/21/15	44.92951261	45.45775902	44.64138073	45.409734	
7/22/15	43.6425188	45.0735795	43.41201446	43.738565	
7/23/15	43.47924411	44.40126917	43.31596692	44.286017	
7/24/15	44.09392768	44.48770921	43.98827801	44.12274	
7/27/15	44.12274121	44.18997125	43.46003664	43.556079	
7/28/15	43.77698419	43.83460788	43.01823343	43.546476	
7/29/15	43.60410389	44.92951204	43.46963806	44.458897	
7/30/15	44.43008159	45.52499021	44.11313739	45.025559	
7/31/15	45.41934024	45.49617374	44.66058948	44.852679	
8/3/15	45.12160231	45.14081117	44.6125686	44.958328	
8/4/15	44.90070024	45.82272435	44.83346924	45.659451	
8/5/15	46.08204419	46.49503458	45.65945033	45.697869	
8/6/15	45.82272362	45.88035115	44.49731548	44.775841	
8/7/15	44.55493915	44.92951183	44.43008063	44.891097	
8/10/15	45.09278978	45.61142985	44.98714011	45.457759	
8/11/15	44.96793054	45.08318271	44.08432511	44.574149	
8/12/15	44.3628506	45.04476784	43.90183807	44.891097	
8/13/15	45.19843808	45.23685291	44.65098665	44.881491	
8/14/15	44.68940193	45.23685336	44.67979846	45.140811	
8/17/15	44.95832715	45.57301052	44.72781992	45.448152	
8/18/15	45.28380021	45.8541982	45.1484525	45.699514	
8/19/15	45.22579203	45.5158278	44.76173943	45.061442	
8/20/15	44.53938227	44.92609374	44.143004	44.143004	
8/21/15	43.79496307	43.96898376	41.639053	41.639053	
8/24/15	39.10610018	41.27167704	38.40035352	40.295234	
8/25/15	41.15566517	41.80340719	39.04809197	39.125436	
8/26/15	40.61426865	41.41669488	39.69583411	41.291013	
8/27/15	41.79373698	42.48981685	41.50370411	42.441479	
8/28/15	41.95809152	42.68317371	41.94842085	42.470481	
8/31/15	42.11277502	42.47048127	41.66805504	42.074103	
9/1/15	40.76895276	41.17500072	40.2758988	40.430583	
9/2/15	40.95264275	41.93875452	40.48859016	41.919419	
9/3/15	41.96775714	42.5188196	41.84207526	42.054767	
9/4/15	41.38769225	41.61005079	40.79795874	41.194337	
9/8/15	41.86141101	42.53815536	41.76473532	42.431809	
9/9/15	42.74117696	42.92486734	41.4843688	41.639053	
9/10/15	41.6873911	42.33513313	41.32968486	41.851745	
9/11/15	41.70672611	42.14177639	41.51337086	42.035431	
9/14/15	41.98709277	41.99675957	41.43603127	41.610051	
9/15/15	41.7550648	42.8185206	41.64872232	42.518819	
9/16/15	42.50915277	42.90553103	42.38347089	42.828187	
9/17/15	42.81852102	43.50493119	42.61549897	42.779849	
9/18/15	42.05476652	42.52848882	41.8904165	42.035431	
9/21/15	42.17077871	42.99254045	42.15144222	42.644501	
9/22/15	41.93875439	42.58649254	41.87108005	42.441479	
9/23/15	42.47048054	42.70250491	42.06443258	42.412473	
9/24/15	42.00642889	42.66383674	41.8324082	42.451145	
9/25/15	43.00220714	43.2439012	42.30612631	42.480147	
9/28/15	42.37380514	42.62516504	41.77440097	41.851745	
9/29/15	41.92908466	42.12244088	41.61971627	41.996759	
9/30/15	42.42214292	42.82818702	42.20945118	42.789515	
10/1/15	43.26323671	43.26323671	42.29646047	43.127889	
10/2/15	42.7991839	44.055993	42.46081028	44.055993	
10/5/15	44.23001392	45.33213789	44.18167608	45.080778	
10/6/15	44.79074591	45.61250379	44.68439955	45.19679	
10/7/15	45.53515991	45.77685398	44.42337011	45.245128	
10/8/15	45.01310314	45.94120737	44.9550956	45.873534	
10/9/15	45.87353392	45.96054379	45.36113961	45.54483	
10/12/15	45.41914847	45.50615834	44.95509587	45.438484	
10/13/15	45.01310377	45.56416624	45.01310377	45.332138	
10/14/15	45.10011465	45.5351601	44.98409859	45.129116	
10/15/15	45.44815	45.46748649	44.98409836	45.44815	
10/16/15	45.45781957	45.96054419	45.34180835	45.931538	
10/19/15	45.84452778	46.28924776	45.45781922	46.037884	
10/20/15	45.86386487	46.22157402	45.4578198	46.182902	
10/21/15	46.327916	46.3955942	45.54483014	45.63184	
10/22/15	45.95087388	47.32369808	45.5254933	46.434262	
10/23/15	50.56239654	52.27359146	50.5140587	51.113459	
10/26/15	50.78475587	52.51528634	50.75575355	52.447612	
10/27/15	52.19625178	52.56362385	51.79987351	51.906216	
10/28/15	51.76120142	52.186582	51.10379357	52.186582	
10/29/15	51.76120072	52.0415668	51.45183233	51.587181	
10/30/15	51.54850982	52.19625184	50.87176547	50.891101	
11/2/15	51.0941224	51.58718118	50.87176483	51.471169	
11/3/15	51.17146704	52.5829594	51.14246568	52.350936	
11/4/15	52.37993729	53.05668163	52.26392511	52.59263	
11/5/15	52.67964036	52.8826624	52.20591805	52.573294	
11/6/15	52.29292764	53.15335851	52.16724576	53.09535	
11/9/15	52.73764377	53.04701217	51.78053721	52.360602	
11/10/15	52.27359264	52.33160018	51.50017163	51.732196	
11/11/15	51.91588485	52.39927296	51.68385661	51.867547	
11/12/15	51.7031932	52.18658132	51.42282712	51.548509	
11/13/15	51.30681554	51.51950728	50.7847554	51.084457	
11/16/15	51.31648631	52.09957219	51.0941239	51.98356	
11/17/15	51.74996861	52.10035494	51.43851496	51.555313	
11/18/15	51.58451118	52.53833799	51.56504533	52.411808	
11/19/15	52.54807155	53.20017567	52.34367718	52.499404	
11/20/15	52.80112553	52.84978919	51.84729875	52.742727	
11/23/15	52.80112553	53.00551601	52.31447921	52.742727	
11/24/15	52.47993748	52.98605063	52.14902187	52.801126	
11/25/15	52.64539903	52.78166	52.256081	52.256081	
11/27/15	52.36314398	52.63566885	52.353413	52.489673	
11/30/15	53.08338252	53.49216349	52.55780352	52.898454	
12/1/15	52.95685298	53.75495295	52.84978982	53.745221	
12/2/15	53.84254916	54.46545548	53.58949405	53.735486	
12/3/15	54.00801048	54.28053047	52.48967201	52.752462	
12/4/15	52.67459719	54.72824565	52.65513036	54.416792	
12/7/15	54.29999815	54.47519082	53.81335182	54.319464	
12/8/15	53.98854435	54.6017158	53.52136485	54.299998	
12/9/15	53.89121215	54.37785847	53.05417952	53.511629	
12/10/15	53.91067915	54.17346914	53.54082696	53.793885	
12/11/15	53.24884028	53.62842344	52.56753445	52.616202	
12/14/15	52.87899187	53.73548649	52.2463497	53.667356	
12/15/15	54.17346864	54.40706083	53.61869184	53.725755	
12/16/15	54.05667434	54.74771114	53.29750316	54.630917	
12/17/15	54.85477414	55.27328998	54.0469393	54.212401	
12/18/15	54.28053097	54.50438828	52.58700079	52.684332	
12/21/15	53.41430166	53.87174629	52.78166046	53.365638	
12/22/15	53.52136553	53.99827699	53.04445018	53.871747	
12/23/15	54.21240086	54.38759353	53.95934282	54.329195	
12/24/15	54.36812852	54.46545584	53.94961171	54.1832	
12/28/15	53.8717455	54.455724	53.51162917	54.455724	
12/29/15	54.78664485	55.33168582	54.56278754	55.039699	
12/30/15	54.96183682	55.2635556	54.78664415	54.80611	
12/31/15	54.54332086	54.68931281	53.93987649	53.998276	
1/4/16	52.8692565	53.336436	51.96409337	53.336436	
1/5/16	53.46296585	53.9106795	53.08338269	53.57976	
1/6/16	52.86925699	52.94712235	52.20741701	52.606467	
1/7/16	51.29252403	52.0614262	50.67934868	50.776676	
1/8/16	50.97133479	51.85703109	50.75721332	50.932406	
1/11/16	51.10759548	51.43851499	50.08563917	50.903205	
1/12/16	51.35091817	51.68183767	50.66961624	51.370385	
1/13/16	52.36314415	52.62593414	49.9299125	50.260832	
1/14/16	50.6112172	51.9932908	50.19270136	51.691573	
1/15/16	49.93964667	50.58201982	48.99555183	49.628194	
1/19/16	50.10510628	50.29976481	48.72303167	49.209678	
1/20/16	48.64516697	50.00777767	47.78866749	49.433535	
1/21/16	49.63792417	50.20243584	48.95661835	49.131812	
1/22/16	50.03697451	50.93240568	49.89097866	50.893473	
1/25/16	50.55281895	51.24385965	50.270567	50.406827	
1/26/16	50.40682771	51.03946599	50.17323553	50.776676	
1/27/16	50.62094928	50.80587781	49.65739149	49.852051	
1/28/16	50.47495847	50.81560895	49.88124897	50.669617	
1/29/16	53.26830665	53.618692	52.55780301	53.618692	
2/1/16	53.4143017	53.61869218	53.04444952	53.24884	
2/2/16	52.72326044	52.81085678	51.24385952	51.58451	
2/3/16	51.82783298	51.96409297	49.89097868	50.766944	
2/4/16	50.70854532	51.39958602	49.99804265	50.611218	
2/5/16	50.55281893	50.61121746	48.23638439	48.820359	
2/8/16	48.22665	48.24611682	46.90297199	48.09039	
2/9/16	47.71080588	48.89822487	47.37015151	47.963861	
2/10/16	48.55756968	49.04421601	48.19745237	48.382377	
2/11/16	47.37988541	48.77169485	47.21442372	48.36291	
2/12/16	48.90795584	49.32647168	48.42130951	49.151279	
2/16/16	49.89629262	50.082544	49.14147545	50.082544	
2/17/16	50.47465782	51.72941522	50.43544561	51.386315	
2/18/16	51.29809324	51.90586633	51.07262475	51.160851	
2/19/16	50.94519209	51.24907717	50.5138666	50.798149	
2/22/16	51.24907618	51.9548793	51.24907618	51.611783	
2/23/16	51.30789467	51.33730212	49.97471285	50.170769	
2/24/16	49.69042994	50.48445832	49.21009434	50.34722	
2/25/16	50.70992408	51.072626	49.6120106	51.072626	
2/26/16	51.56276601	51.64119043	50.09234487	50.288402	
2/29/16	50.33741502	50.63150316	49.66102325	49.876686	
3/1/16	49.96491101	51.55296485	49.91589403	51.543164	
3/2/16	51.37651441	51.91566785	51.13144422	51.905867	
3/3/16	51.92547301	51.92547301	50.75893695	51.317696	
3/4/16	51.36671382	51.41572688	50.69031716	51.004007	
3/7/16	50.54327676	50.77854218	49.5826026	50.023726	
3/8/16	49.79826142	51.10203678	49.60220429	50.631503	
3/9/16	50.8667673	51.80783585	50.83736084	51.798035	
3/10/16	51.88626106	51.89606288	50.1511641	51.023613	
3/11/16	51.95487935	52.023499	51.34710627	52.023499	
3/14/16	51.67059783	52.53324588	51.59217733	52.121526	
3/15/16	51.70981016	52.533246	51.70000931	52.533246	
3/16/16	52.39600825	53.52332819	52.34699519	53.278258	
3/17/16	53.14101868	53.91544146	52.9351607	53.582146	
3/18/16	53.83701654	53.88603352	52.39600679	52.435219	
3/21/16	52.19994976	52.86654067	51.88625993	52.797922	
3/22/16	52.55285184	53.18023053	52.40580776	53.00378	
3/23/16	53.04299331	53.17043079	52.6802904	52.905754	
3/24/16	52.7783161	53.25865563	52.67048522	53.141019	
3/28/16	53.14101915	53.21944357	52.27837502	52.484233	
3/29/16	52.60186519	53.77820307	52.39600721	53.631159	
3/30/16	53.84682229	54.54282065	53.81741583	53.964455	
3/31/16	53.86642837	54.49380707	53.7782031	54.140906	
4/1/16	53.96445403	54.51341321	53.49392025	54.474201	
4/4/16	54.336963	54.56242758	53.91544227	54.336963	
4/5/16	54.10169392	54.2095248	53.38608896	53.484119	
4/6/16	53.28806259	54.11149842	53.14101852	54.033074	
4/7/16	53.78800411	53.82721632	53.16062541	53.386089	
4/8/16	53.59194719	54.18991943	53.24885088	53.346877	
4/11/16	53.41550052	54.06248582	53.22924423	53.239049	
4/12/16	53.29786345	53.69977856	52.69989121	53.572345	
4/13/16	54.03307441	54.34676425	53.80760983	54.258538	
4/14/16	54.1311037	54.48400574	53.9840606	54.268343	
4/15/16	54.20952479	54.81729788	54.02327341	54.552626	
4/18/16	54.3957816	55.47408848	54.12130004	55.346651	
4/19/16	55.51330034	55.65053867	54.58203264	55.278031	
4/20/16	55.18000451	55.38586248	54.39578089	54.493807	
4/21/16	54.69966461	55.12118632	54.32715695	54.680059	
4/22/16	50.88637348	51.39611946	49.76885343	50.758936	
4/25/16	50.75893639	51.10203662	50.61189624	51.082431	
4/26/16	51.22947024	51.31769551	50.08254372	50.425641	
4/27/16	50.46485258	50.4844582	49.55319051	49.9355	
4/28/16	49.62181019	49.76885329	48.58271457	48.916011	
4/29/16	48.37685303	49.25910767	48.37685303	48.8866	
5/2/16	49.01403776	49.74924833	48.79837501	49.61201	
5/3/16	49.3473332	49.41595286	48.62192348	48.798375	
5/4/16	48.85719256	49.0728553	48.48468489	48.8866	
5/5/16	48.88660035	49.30812107	48.74936202	48.95522	
5/6/16	48.93561406	49.396347	48.68074302	49.396347	
5/9/16	49.49437687	49.59240299	49.01403735	49.082657	
5/10/16	49.33753323	50.0923455	49.20029098	50.013925	
5/11/16	50.12175642	50.75893696	49.99431894	50.043332	
5/12/16	50.19037591	50.78834717	49.91589435	50.49426	
5/13/16	50.42564113	50.87657322	50.03353079	50.072743	
5/16/16	49.79826089	50.93538656	49.74924783	50.807953	
5/17/16	51.05473697	51.06460736	49.71223038	49.860298	
5/18/16	49.83068574	50.4821953	49.65300005	50.156442	
5/19/16	49.82081557	49.96888417	49.1791754	49.672744	
5/20/16	49.83068578	50.56116829	49.75171678	49.968884	
5/23/16	49.94914022	50.02811317	49.33711713	49.386473	
5/24/16	50.04785688	51.04486348	49.75171671	50.926408	
5/25/16	51.25216157	51.81483373	51.1238367	51.44959	
5/26/16	51.26203548	51.31139234	50.69936825	51.222549	
5/27/16	51.25216115	51.647018	51.10409254	51.647018	
5/31/16	51.58778849	52.318272	51.41010774	52.318272	
6/1/16	51.76547374	52.26891568	51.76547374	52.170199	
6/2/16	51.96290096	52.06161765	51.1731922	51.80496	
6/3/16	51.70624694	51.74572947	50.93627697	51.123836	
6/6/16	51.32126478	51.67663022	51.2225481	51.459463	
6/7/16	51.56805016	52.05174542	51.429847	51.429847	
6/8/16	51.35087727	51.76547391	51.2028057	51.370621	
6/9/16	51.33113412	51.33113412	50.82769613	50.956021	
6/10/16	50.39335302	51.38049022	50.38348362	50.817823	
6/13/16	48.94226512	50.06760056	48.42895278	49.495059	
6/14/16	49.2581476	49.45557109	48.93239036	49.189048	
6/15/16	49.13968835	49.47531499	49.050846	49.050846	
6/16/16	48.88303461	49.82081595	48.87316127	49.741843	
6/17/16	49.76158643	49.78132917	49.17917548	49.485189	
6/20/16	49.98862621	50.17618524	49.38647253	49.425959	
6/21/16	49.55428815	50.76846591	49.51480168	50.531552	
6/22/16	50.42296935	50.79807852	50.29464053	50.334127	
6/23/16	50.62039458	51.39036357	50.4920697	51.242292	
6/24/16	49.16930427	50.28476732	48.8830335	49.189048	
6/27/16	48.46843496	48.51779576	47.42207248	47.807055	
6/28/16	48.29074967	48.83367809	48.04396537	48.804062	
6/29/16	49.26801758	50.0675997	49.1594315	49.889915	
6/30/16	50.06760022	50.64013782	49.85042904	50.511809	
7/1/16	50.47232587	51.05473682	50.41309665	50.501939	
7/5/16	50.1761863	50.62039508	50.08734395	50.511809	
7/6/16	50.12682571	50.87705195	49.7418422	50.71911	
7/7/16	50.75859253	50.94615155	50.41309648	50.71911	
7/8/16	51.06460778	51.68650521	50.88692209	51.627275	
7/11/16	51.82470265	52.1504599	51.79508952	51.913545	
7/12/16	52.25904196	52.71312803	52.11097335	52.525569	
7/13/16	52.87106982	53.16721098	52.4959567	52.82171	
7/14/16	53.14746675	53.2955393	52.89081305	53.048755	
7/15/16	53.2560523	53.30540817	52.5255688	53.009268	
7/18/16	53.0092683	53.64103512	52.86119575	53.265922	
7/19/16	53.01913808	53.20669711	52.24917205	52.407114	
7/20/16	55.4277559	56.1088786	54.81572788	55.190841	
7/21/16	55.25994068	55.50672498	55.04276852	55.082255	
7/22/16	55.35865575	55.90158022	55.06251163	55.842351	
7/25/16	55.74363832	56.01016635	55.53633654	56.000293	
7/26/16	55.79299504	56.55309168	55.7831217	56.029906	
7/27/16	55.8818376	56.06939169	55.388269	55.467238	
7/28/16	55.27968318	55.64492295	55.00328575	55.486981	
7/29/16	55.5363374	56.029906	55.32903957	55.950937	
8/1/16	55.8719628	56.02003535	55.41788068	55.852224	
8/2/16	56.11874709	56.1681079	55.58569597	55.852224	
8/3/16	55.95093623	56.37540621	55.76338213	56.237207	
8/4/16	56.06939205	56.78013182	55.94106323	56.651803	
8/5/16	56.90846143	57.4612553	56.711033	57.214471	
8/8/16	57.313187	57.34280013	57.03678661	57.313187	
8/9/16	57.42176892	57.74752617	57.27370032	57.451386	
8/10/16	57.41190021	57.56984216	57.07627356	57.273701	
8/11/16	57.28357095	57.69817055	57.28357095	57.550098	
8/12/16	57.28357035	57.4415123	56.8788441	57.194728	
8/15/16	57.26382692	57.74752612	57.21447105	57.372413	
8/16/16	57.22342425	57.23335516	56.88570473	57.054563	
8/17/16	57.1538942	57.29295378	56.84597338	57.17376	
8/18/16	57.03469684	57.31282096	56.88570536	57.213489	
8/19/16	57.04463094	57.34261787	56.81617529	57.233355	
8/22/16	57.21348872	57.36248417	56.87577019	57.283019	
8/23/16	57.51147988	57.78959903	57.46181142	57.501544	
8/24/16	57.41214755	57.65053908	57.33268635	57.561143	
8/25/16	57.49161295	57.89886175	57.39228198	57.779664	
8/26/16	57.88892644	58.30611013	57.30288548	57.640604	
8/29/16	57.78959917	58.20677889	57.710134	57.710134	
8/30/16	57.59094107	57.79953093	57.22342485	57.501544	
8/31/16	57.26315704	57.41214752	56.91550264	57.074429	
9/1/16	56.62744795	57.43201465	56.62744795	57.203558	
9/2/16	57.283019	57.79953067	57.03469656	57.283019	
9/6/16	57.39228127	57.41214707	56.82610611	57.223424	
9/7/16	57.08436394	57.45188016	57.02476556	57.273088	
9/8/16	57.24329095	57.40221731	56.79630956	57.044632	
9/9/16	56.40892705	57.13402759	55.832817	55.832817	
9/12/16	55.62422772	56.82610736	55.2368457	56.667181	
9/13/16	56.1208713	56.26986675	55.67388992	56.150669	
9/14/16	56.01160966	56.2500012	55.65402534	55.882481	
9/15/16	55.77322262	56.96516637	55.60436137	56.806241	
9/16/16	57.2432901	57.2432901	56.36919412	56.865839	
9/19/16	56.88570552	57.36248462	56.46852183	56.547987	
9/20/16	56.9651665	56.9651665	56.36919462	56.428793	
9/21/16	57.12409256	57.46181108	56.69698193	57.372415	
9/22/16	57.53134099	57.61080616	57.24328994	57.432014	
9/23/16	57.48167851	57.52141109	56.9949685	57.044632	
9/26/16	56.69698116	56.75657556	56.44865872	56.518189	
9/27/16	56.54798644	57.67040487	56.299664	57.561143	
9/28/16	57.49161252	57.67040468	57.28301869	57.640604	
9/29/16	57.42208181	57.77966314	56.82610597	57.014834	
9/30/16	57.18369229	57.38235025	56.95523565	57.213489	
10/3/16	57.02476609	57.16382566	56.67711566	57.034697	
10/4/16	56.88570471	57.21348834	56.58771877	56.855908	
10/5/16	56.90557256	57.57107473	56.87577089	57.253222	
10/6/16	57.352553	57.47174678	56.89563673	57.352553	
10/7/16	57.4618115	57.59094115	57.03469689	57.412148	
10/10/16	57.52141034	57.99818843	57.48167775	57.650539	
10/11/16	57.50154384	57.6306725	56.50825407	56.806241	
10/12/16	56.726779	56.88570437	56.02154427	56.726779	
10/13/16	56.31953123	56.91550311	55.94208012	56.538052	
10/14/16	56.73671106	57.3525537	56.73671106	57.034697	
10/17/16	56.97510257	57.07442956	56.48838859	56.836042	
10/18/16	57.14395934	57.56114303	57.02476556	57.273088	
10/19/16	57.0843636	57.45187982	57.01483431	57.143959	
10/20/16	57.11416144	57.13402724	56.27979804	56.865839	
10/21/16	59.87550566	60.0443669	59.09080973	59.259667	
10/24/16	59.53778785	60.590676	59.52785595	60.590676	
10/25/16	60.44168046	60.95819213	60.39201696	60.580745	
10/26/16	60.40195216	60.78933517	60.06423364	60.22316	
10/27/16	60.20329477	60.42181952	59.68678309	59.696714	
10/28/16	59.60731657	60.11389634	59.18020595	59.468257	
10/31/16	59.75631253	60.01456588	59.517921	59.517921	
11/1/16	59.56758825	59.61725174	58.85241862	59.398727	
11/2/16	59.41859401	59.52785588	58.90208234	59.031211	
11/3/16	59.13053872	59.2398006	58.71335901	58.812686	
11/4/16	58.25644659	58.88221616	58.12731694	58.316041	
11/7/16	59.37886154	60.11389696	59.37886154	60.014566	
11/8/16	60.1436952	60.37215185	59.74638226	60.064234	
11/9/16	59.59738672	60.18342769	58.80275589	59.766244	
11/10/16	60.07416478	60.08409967	57.24328996	58.30611	
11/11/16	57.83926407	58.72329099	57.62073833	58.623963	
11/14/16	58.62396178	58.68356115	56.8956366	57.73	
11/15/16	58.330002	59.490002	58.32	58.869999	
11/16/16	58.939999	59.66	58.810001	59.650002	
11/17/16	60.41	60.950001	59.970001	60.639999	
11/18/16	60.779999	61.139999	60.299999	60.349998	
11/21/16	60.5	60.970001	60.419998	60.860001	
11/22/16	60.98	61.259998	60.810001	61.119999	
11/23/16	61.009998	61.099998	60.25	60.400002	
11/25/16	60.299999	60.529999	60.130001	60.529999	